manufacturer,mall_name,product_key,product_name,min_price
농심,네이버쇼핑,N049,농심과자049,819
롯데,쿠팡,L049,롯데과자049,826
해태제과,네이버쇼핑,H049,해태과자049,833
롯데,네이버쇼핑,L049,롯데과자049,834
농심,쿠팡,N000,농심과자000,835
빙그레,네이버쇼핑,B049,빙그레과자049,837
롯데,G마켓,L049,롯데과자049,839
농심,쿠팡,N002,농심과자002,844
해태제과,쿠팡,H049,해태과자049,846
농심,G마켓,N000,농심과자000,847
오리온,G마켓,O000,오리온과자000,847
농심,네이버쇼핑,N001,농심과자001,848
농심,네이버쇼핑,N000,농심과자000,848
오리온,네이버쇼핑,O049,오리온과자049,849
오리온,쿠팡,O001,오리온과자001,850
오리온,네이버쇼핑,O000,오리온과자000,851
빙그레,네이버쇼핑,B002,빙그레과자002,854
오리온,네이버쇼핑,O001,오리온과자001,854
해태제과,G마켓,H000,해태과자000,855
빙그레,SSG,B000,빙그레과자000,858
빙그레,쿠팡,B003,빙그레과자003,860
빙그레,쿠팡,B000,빙그레과자000,861
오리온,쿠팡,O003,오리온과자003,861
오리온,컬리,O049,오리온과자049,861
오리온,SSG,O049,오리온과자049,862
롯데,G마켓,L002,롯데과자002,862
농심,쿠팡,N049,농심과자049,862
빙그레,쿠팡,B049,빙그레과자049,862
농심,SSG,N049,농심과자049,864
롯데,네이버쇼핑,L002,롯데과자002,866
롯데,G마켓,L000,롯데과자000,867
롯데,컬리,L049,롯데과자049,868
해태제과,G마켓,H003,해태과자003,868
빙그레,네이버쇼핑,B000,빙그레과자000,868
오리온,쿠팡,O000,오리온과자000,870
해태제과,네이버쇼핑,H003,해태과자003,870
해태제과,SSG,H049,해태과자049,871
오리온,쿠팡,O005,오리온과자005,871
빙그레,G마켓,B001,빙그레과자001,871
빙그레,쿠팡,B001,빙그레과자001,872
빙그레,쿠팡,B005,빙그레과자005,872
해태제과,G마켓,H001,해태과자001,872
해태제과,SSG,H000,해태과자000,873
빙그레,G마켓,B003,빙그레과자003,873
빙그레,네이버쇼핑,B004,빙그레과자004,873
오리온,G마켓,O002,오리온과자002,874
농심,쿠팡,N001,농심과자001,875
롯데,G마켓,L003,롯데과자003,875
빙그레,네이버쇼핑,B003,빙그레과자003,875
해태제과,네이버쇼핑,H000,해태과자000,875
농심,쿠팡,N005,농심과자005,875
빙그레,쿠팡,B002,빙그레과자002,877
오리온,컬리,O001,오리온과자001,877
오리온,G마켓,O001,오리온과자001,877
롯데,네이버쇼핑,L005,롯데과자005,878
농심,쿠팡,N008,농심과자008,878
빙그레,G마켓,B049,빙그레과자049,878
오리온,SSG,O003,오리온과자003,879
빙그레,SSG,B001,빙그레과자001,880
해태제과,G마켓,H049,해태과자049,880
해태제과,G마켓,H004,해태과자004,880
오리온,쿠팡,O004,오리온과자004,881
빙그레,네이버쇼핑,B001,빙그레과자001,881
롯데,네이버쇼핑,L004,롯데과자004,881
농심,SSG,N003,농심과자003,882
해태제과,쿠팡,H000,해태과자000,882
롯데,SSG,L049,롯데과자049,882
해태제과,네이버쇼핑,H006,해태과자006,883
농심,컬리,N001,농심과자001,883
오리온,SSG,O004,오리온과자004,884
오리온,G마켓,O049,오리온과자049,885
해태제과,네이버쇼핑,H005,해태과자005,885
오리온,SSG,O000,오리온과자000,885
롯데,네이버쇼핑,L001,롯데과자001,885
빙그레,컬리,B049,빙그레과자049,886
오리온,G마켓,O003,오리온과자003,886
롯데,SSG,L001,롯데과자001,886
빙그레,컬리,B001,빙그레과자001,887
농심,네이버쇼핑,N002,농심과자002,888
오리온,컬리,O000,오리온과자000,888
롯데,네이버쇼핑,L003,롯데과자003,888
롯데,컬리,L000,롯데과자000,888
해태제과,네이버쇼핑,H007,해태과자007,889
농심,SSG,N004,농심과자004,889
빙그레,SSG,B002,빙그레과자002,889
해태제과,SSG,H002,해태과자002,890
빙그레,G마켓,B002,빙그레과자002,890
해태제과,컬리,H001,해태과자001,891
농심,SSG,N001,농심과자001,891
롯데,네이버쇼핑,L008,롯데과자008,891
해태제과,네이버쇼핑,H002,해태과자002,891
오리온,쿠팡,O049,오리온과자049,892
롯데,컬리,L002,롯데과자002,892
롯데,쿠팡,L002,롯데과자002,892
롯데,네이버쇼핑,L006,롯데과자006,893
해태제과,네이버쇼핑,H004,해태과자004,893
빙그레,쿠팡,B008,빙그레과자008,894
오리온,네이버쇼핑,O003,오리온과자003,894
오리온,컬리,O003,오리온과자003,896
롯데,쿠팡,L004,롯데과자004,896
롯데,쿠팡,L000,롯데과자000,897
롯데,G마켓,L005,롯데과자005,897
오리온,G마켓,O004,오리온과자004,897
오리온,G마켓,O005,오리온과자005,897
오리온,G마켓,O007,오리온과자007,897
농심,쿠팡,N003,농심과자003,898
해태제과,네이버쇼핑,H009,해태과자009,898
해태제과,쿠팡,H003,해태과자003,898
해태제과,컬리,H003,해태과자003,899
오리온,SSG,O001,오리온과자001,899
해태제과,쿠팡,H005,해태과자005,899
농심,G마켓,N001,농심과자001,899
농심,네이버쇼핑,N007,농심과자007,899
오리온,네이버쇼핑,O005,오리온과자005,899
해태제과,컬리,H000,해태과자000,899
해태제과,쿠팡,H001,해태과자001,900
농심,쿠팡,N006,농심과자006,900
농심,쿠팡,N004,농심과자004,901
농심,쿠팡,N007,농심과자007,901
농심,G마켓,N003,농심과자003,902
해태제과,G마켓,H006,해태과자006,902
빙그레,쿠팡,B004,빙그레과자004,902
롯데,G마켓,L004,롯데과자004,903
오리온,네이버쇼핑,O002,오리온과자002,904
오리온,컬리,O004,오리온과자004,904
롯데,G마켓,L001,롯데과자001,905
롯데,네이버쇼핑,L000,롯데과자000,906
농심,네이버쇼핑,N003,농심과자003,906
농심,컬리,N000,농심과자000,906
빙그레,SSG,B007,빙그레과자007,907
농심,컬리,N049,농심과자049,907
롯데,네이버쇼핑,L009,롯데과자009,907
해태제과,네이버쇼핑,H001,해태과자001,908
농심,SSG,N002,농심과자002,908
오리온,쿠팡,O011,오리온과자011,908
빙그레,G마켓,B000,빙그레과자000,908
빙그레,컬리,B004,빙그레과자004,909
빙그레,SSG,B006,빙그레과자006,909
롯데,SSG,L000,롯데과자000,909
농심,네이버쇼핑,N009,농심과자009,909
롯데,쿠팡,L001,롯데과자001,909
해태제과,G마켓,H005,해태과자005,909
오리온,쿠팡,O006,오리온과자006,909
해태제과,G마켓,H002,해태과자002,909
농심,G마켓,N049,농심과자049,910
빙그레,네이버쇼핑,B011,빙그레과자011,910
오리온,컬리,O002,오리온과자002,910
롯데,쿠팡,L009,롯데과자009,911
오리온,네이버쇼핑,O007,오리온과자007,911
오리온,SSG,O005,오리온과자005,912
롯데,SSG,L003,롯데과자003,912
오리온,네이버쇼핑,O010,오리온과자010,912
해태제과,쿠팡,H002,해태과자002,913
해태제과,SSG,H001,해태과자001,913
롯데,컬리,L003,롯데과자003,914
빙그레,네이버쇼핑,B005,빙그레과자005,914
오리온,쿠팡,O002,오리온과자002,914
농심,쿠팡,N010,농심과자010,914
롯데,네이버쇼핑,L007,롯데과자007,915
농심,SSG,N007,농심과자007,916
농심,네이버쇼핑,N008,농심과자008,916
빙그레,SSG,B004,빙그레과자004,917
빙그레,SSG,B049,빙그레과자049,917
빙그레,쿠팡,B009,빙그레과자009,917
해태제과,SSG,H004,해태과자004,918
롯데,SSG,L009,롯데과자009,918
농심,네이버쇼핑,N004,농심과자004,918
오리온,쿠팡,O007,오리온과자007,918
오리온,SSG,O002,오리온과자002,918
해태제과,네이버쇼핑,H008,해태과자008,919
해태제과,컬리,H004,해태과자004,919
빙그레,쿠팡,B007,빙그레과자007,919
롯데,쿠팡,L008,롯데과자008,919
해태제과,네이버쇼핑,H010,해태과자010,920
농심,네이버쇼핑,N006,농심과자006,920
오리온,G마켓,O008,오리온과자008,921
농심,SSG,N008,농심과자008,922
해태제과,SSG,H007,해태과자007,922
농심,G마켓,N004,농심과자004,923
해태제과,쿠팡,H009,해태과자009,923
빙그레,쿠팡,B006,빙그레과자006,923
롯데,G마켓,L010,롯데과자010,924
빙그레,네이버쇼핑,B010,빙그레과자010,925
농심,컬리,N002,농심과자002,925
해태제과,컬리,H049,해태과자049,925
롯데,SSG,L006,롯데과자006,925
롯데,쿠팡,L003,롯데과자003,925
농심,SSG,N000,농심과자000,925
빙그레,SSG,B010,빙그레과자010,926
롯데,컬리,L004,롯데과자004,926
농심,G마켓,N002,농심과자002,926
빙그레,G마켓,B004,빙그레과자004,926
롯데,쿠팡,L011,롯데과자011,927
해태제과,쿠팡,H004,해태과자004,928
빙그레,G마켓,B006,빙그레과자006,928
롯데,쿠팡,L005,롯데과자005,928
농심,G마켓,N008,농심과자008,929
해태제과,G마켓,H011,해태과자011,929
롯데,네이버쇼핑,L010,롯데과자010,929
해태제과,컬리,H005,해태과자005,929
오리온,쿠팡,O014,오리온과자014,930
오리온,G마켓,O006,오리온과자006,930
해태제과,쿠팡,H007,해태과자007,930
롯데,G마켓,L008,롯데과자008,931
농심,네이버쇼핑,N013,농심과자013,931
오리온,네이버쇼핑,O004,오리온과자004,931
농심,쿠팡,N009,농심과자009,932
해태제과,G마켓,H007,해태과자007,932
빙그레,네이버쇼핑,B006,빙그레과자006,932
빙그레,컬리,B000,빙그레과자000,932
해태제과,쿠팡,H012,해태과자012,933
빙그레,컬리,B003,빙그레과자003,933
롯데,쿠팡,L006,롯데과자006,933
해태제과,쿠팡,H006,해태과자006,933
롯데,쿠팡,L007,롯데과자007,934
해태제과,네이버쇼핑,H011,해태과자011,934
빙그레,SSG,B005,빙그레과자005,934
오리온,컬리,O006,오리온과자006,935
오리온,쿠팡,O009,오리온과자009,935
해태제과,G마켓,H009,해태과자009,935
롯데,네이버쇼핑,L011,롯데과자011,935
빙그레,네이버쇼핑,B007,빙그레과자007,936
해태제과,쿠팡,H014,해태과자014,936
해태제과,쿠팡,H008,해태과자008,937
빙그레,네이버쇼핑,B009,빙그레과자009,937
롯데,G마켓,L006,롯데과자006,937
롯데,G마켓,L007,롯데과자007,937
오리온,SSG,O006,오리온과자006,937
농심,네이버쇼핑,N012,농심과자012,937
해태제과,네이버쇼핑,H012,해태과자012,938
빙그레,컬리,B002,빙그레과자002,938
롯데,SSG,L007,롯데과자007,938
오리온,네이버쇼핑,O006,오리온과자006,938
오리온,쿠팡,O010,오리온과자010,938
농심,쿠팡,N016,농심과자016,940
농심,쿠팡,N012,농심과자012,940
해태제과,컬리,H007,해태과자007,940
롯데,SSG,L005,롯데과자005,941
롯데,쿠팡,L015,롯데과자015,941
롯데,쿠팡,L013,롯데과자013,941
빙그레,쿠팡,B013,빙그레과자013,941
해태제과,G마켓,H008,해태과자008,941
농심,네이버쇼핑,N005,농심과자005,942
빙그레,G마켓,B007,빙그레과자007,942
해태제과,SSG,H008,해태과자008,942
빙그레,쿠팡,B010,빙그레과자010,942
오리온,쿠팡,O017,오리온과자017,942
농심,G마켓,N014,농심과자014,943
롯데,컬리,L006,롯데과자006,944
오리온,컬리,O007,오리온과자007,944
오리온,SSG,O012,오리온과자012,944
오리온,컬리,O010,오리온과자010,945
해태제과,쿠팡,H016,해태과자016,946
농심,SSG,N011,농심과자011,946
농심,G마켓,N011,농심과자011,946
빙그레,G마켓,B012,빙그레과자012,946
해태제과,SSG,H006,해태과자006,946
농심,컬리,N006,농심과자006,947
롯데,SSG,L002,롯데과자002,947
농심,G마켓,N009,농심과자009,948
빙그레,네이버쇼핑,B016,빙그레과자016,948
빙그레,컬리,B010,빙그레과자010,948
농심,쿠팡,N011,농심과자011,948
빙그레,G마켓,B011,빙그레과자011,949
농심,컬리,N010,농심과자010,949
롯데,쿠팡,L010,롯데과자010,949
빙그레,컬리,B005,빙그레과자005,950
농심,G마켓,N006,농심과자006,950
빙그레,G마켓,B010,빙그레과자010,950
농심,컬리,N007,농심과자007,951
해태제과,SSG,H003,해태과자003,951
빙그레,SSG,B003,빙그레과자003,951
빙그레,G마켓,B005,빙그레과자005,951
농심,G마켓,N012,농심과자012,952
농심,G마켓,N007,농심과자007,952
농심,G마켓,N010,농심과자010,952
롯데,G마켓,L012,롯데과자012,952
롯데,쿠팡,L014,롯데과자014,952
오리온,SSG,O013,오리온과자013,952
롯데,G마켓,L011,롯데과자011,953
해태제과,쿠팡,H011,해태과자011,953
오리온,SSG,O008,오리온과자008,953
오리온,쿠팡,O008,오리온과자008,953
오리온,네이버쇼핑,O011,오리온과자011,953
빙그레,쿠팡,B011,빙그레과자011,953
빙그레,네이버쇼핑,B015,빙그레과자015,954
오리온,네이버쇼핑,O009,오리온과자009,954
해태제과,SSG,H014,해태과자014,954
롯데,SSG,L014,롯데과자014,954
오리온,쿠팡,O015,오리온과자015,955
오리온,SSG,O010,오리온과자010,955
농심,네이버쇼핑,N010,농심과자010,955
농심,쿠팡,N013,농심과자013,955
해태제과,쿠팡,H015,해태과자015,955
롯데,컬리,L001,롯데과자001,956
농심,컬리,N009,농심과자009,956
농심,컬리,N004,농심과자004,957
오리온,G마켓,O009,오리온과자009,957
오리온,네이버쇼핑,O008,오리온과자008,957
롯데,컬리,L011,롯데과자011,957
해태제과,SSG,H015,해태과자015,958
해태제과,G마켓,H012,해태과자012,958
해태제과,G마켓,H013,해태과자013,958
농심,G마켓,N005,농심과자005,958
농심,SSG,N006,농심과자006,958
농심,G마켓,N015,농심과자015,958
농심,네이버쇼핑,N016,농심과자016,958
빙그레,쿠팡,B015,빙그레과자015,958
농심,네이버쇼핑,N011,농심과자011,959
농심,쿠팡,N015,농심과자015,959
해태제과,컬리,H012,해태과자012,959
해태제과,컬리,H002,해태과자002,960
오리온,쿠팡,O012,오리온과자012,960
롯데,SSG,L013,롯데과자013,960
롯데,SSG,L004,롯데과자004,961
해태제과,쿠팡,H010,해태과자010,961
오리온,네이버쇼핑,O016,오리온과자016,961
빙그레,SSG,B014,빙그레과자014,962
빙그레,네이버쇼핑,B008,빙그레과자008,962
빙그레,G마켓,B014,빙그레과자014,962
해태제과,G마켓,H014,해태과자014,962
농심,SSG,N013,농심과자013,963
롯데,SSG,L010,롯데과자010,963
농심,네이버쇼핑,N018,농심과자018,963
오리온,G마켓,O010,오리온과자010,963
빙그레,컬리,B009,빙그레과자009,964
오리온,쿠팡,O016,오리온과자016,964
빙그레,쿠팡,B014,빙그레과자014,965
롯데,G마켓,L009,롯데과자009,965
롯데,G마켓,L013,롯데과자013,965
빙그레,쿠팡,B019,빙그레과자019,965
오리온,쿠팡,O013,오리온과자013,965
롯데,G마켓,L015,롯데과자015,966
오리온,G마켓,O012,오리온과자012,966
롯데,컬리,L010,롯데과자010,967
해태제과,SSG,H005,해태과자005,967
빙그레,G마켓,B009,빙그레과자009,967
해태제과,SSG,H011,해태과자011,968
빙그레,컬리,B011,빙그레과자011,968
오리온,네이버쇼핑,O012,오리온과자012,968
롯데,G마켓,L014,롯데과자014,968
농심,쿠팡,N014,농심과자014,968
오리온,컬리,O005,오리온과자005,969
빙그레,G마켓,B017,빙그레과자017,969
롯데,컬리,L009,롯데과자009,969
롯데,네이버쇼핑,L015,롯데과자015,969
농심,SSG,N005,농심과자005,969
해태제과,컬리,H014,해태과자014,969
해태제과,네이버쇼핑,H014,해태과자014,970
해태제과,G마켓,H016,해태과자016,970
빙그레,G마켓,B015,빙그레과자015,970
빙그레,쿠팡,B016,빙그레과자016,970
오리온,SSG,O011,오리온과자011,970
농심,네이버쇼핑,N014,농심과자014,971
농심,컬리,N005,농심과자005,972
해태제과,컬리,H011,해태과자011,972
농심,네이버쇼핑,N015,농심과자015,972
오리온,네이버쇼핑,O018,오리온과자018,972
해태제과,네이버쇼핑,H016,해태과자016,973
오리온,SSG,O007,오리온과자007,973
해태제과,G마켓,H015,해태과자015,973
롯데,컬리,L014,롯데과자014,973
롯데,네이버쇼핑,L013,롯데과자013,973
농심,컬리,N003,농심과자003,974
빙그레,SSG,B009,빙그레과자009,974
롯데,컬리,L013,롯데과자013,975
롯데,SSG,L011,롯데과자011,975
빙그레,컬리,B013,빙그레과자013,975
오리온,네이버쇼핑,O015,오리온과자015,975
빙그레,컬리,B007,빙그레과자007,975
빙그레,G마켓,B008,빙그레과자008,976
농심,컬리,N008,농심과자008,976
롯데,컬리,L005,롯데과자005,976
롯데,G마켓,L017,롯데과자017,976
롯데,쿠팡,L021,롯데과자021,977
빙그레,네이버쇼핑,B014,빙그레과자014,978
오리온,네이버쇼핑,O017,오리온과자017,978
오리온,SSG,O016,오리온과자016,978
해태제과,컬리,H015,해태과자015,978
빙그레,G마켓,B013,빙그레과자013,979
롯데,컬리,L007,롯데과자007,979
농심,SSG,N014,농심과자014,979
빙그레,쿠팡,B012,빙그레과자012,980
빙그레,SSG,B016,빙그레과자016,980
롯데,SSG,L008,롯데과자008,980
롯데,쿠팡,L016,롯데과자016,980
빙그레,네이버쇼핑,B012,빙그레과자012,980
오리온,네이버쇼핑,O013,오리온과자013,981
해태제과,G마켓,H018,해태과자018,981
해태제과,컬리,H006,해태과자006,982
해태제과,쿠팡,H022,해태과자022,982
해태제과,쿠팡,H020,해태과자020,982
빙그레,G마켓,B018,빙그레과자018,982
해태제과,컬리,H008,해태과자008,982
해태제과,G마켓,H010,해태과자010,982
해태제과,SSG,H012,해태과자012,982
롯데,SSG,L015,롯데과자015,982
오리온,SSG,O009,오리온과자009,983
빙그레,네이버쇼핑,B013,빙그레과자013,983
오리온,SSG,O017,오리온과자017,984
해태제과,쿠팡,H017,해태과자017,984
해태제과,SSG,H009,해태과자009,984
빙그레,쿠팡,B018,빙그레과자018,985
해태제과,네이버쇼핑,H021,해태과자021,985
농심,네이버쇼핑,N017,농심과자017,985
롯데,네이버쇼핑,L012,롯데과자012,985
빙그레,SSG,B008,빙그레과자008,985
빙그레,SSG,B012,빙그레과자012,986
빙그레,네이버쇼핑,B019,빙그레과자019,986
농심,SSG,N012,농심과자012,986
오리온,G마켓,O011,오리온과자011,987
해태제과,SSG,H016,해태과자016,987
오리온,컬리,O011,오리온과자011,987
빙그레,컬리,B008,빙그레과자008,987
해태제과,네이버쇼핑,H013,해태과자013,987
오리온,네이버쇼핑,O022,오리온과자022,987
해태제과,컬리,H010,해태과자010,988
농심,SSG,N009,농심과자009,988
롯데,컬리,L012,롯데과자012,988
롯데,컬리,L008,롯데과자008,988
오리온,컬리,O008,오리온과자008,988
오리온,G마켓,O013,오리온과자013,988
롯데,네이버쇼핑,L020,롯데과자020,989
빙그레,SSG,B011,빙그레과자011,989
농심,네이버쇼핑,N019,농심과자019,989
롯데,네이버쇼핑,L017,롯데과자017,989
농심,SSG,N017,농심과자017,990
농심,G마켓,N020,농심과자020,990
롯데,쿠팡,L012,롯데과자012,991
농심,G마켓,N016,농심과자016,992
오리온,네이버쇼핑,O021,오리온과자021,993
해태제과,컬리,H009,해태과자009,993
해태제과,컬리,H013,해태과자013,993
해태제과,G마켓,H020,해태과자020,993
해태제과,네이버쇼핑,H018,해태과자018,993
빙그레,쿠팡,B017,빙그레과자017,993
해태제과,네이버쇼핑,H020,해태과자020,993
오리온,G마켓,O017,오리온과자017,993
농심,SSG,N018,농심과자018,994
농심,네이버쇼핑,N020,농심과자020,994
해태제과,SSG,H010,해태과자010,995
농심,G마켓,N021,농심과자021,995
오리온,쿠팡,O018,오리온과자018,996
농심,컬리,N015,농심과자015,996
오리온,쿠팡,O021,오리온과자021,996
빙그레,네이버쇼핑,B017,빙그레과자017,996
롯데,쿠팡,L017,롯데과자017,997
농심,SSG,N010,농심과자010,997
해태제과,쿠팡,H013,해태과자013,997
오리온,네이버쇼핑,O014,오리온과자014,998
빙그레,네이버쇼핑,B018,빙그레과자018,998
롯데,SSG,L012,롯데과자012,998
농심,컬리,N011,농심과자011,998
농심,SSG,N016,농심과자016,1000
농심,네이버쇼핑,N023,농심과자023,1000
오리온,컬리,O015,오리온과자015,1000
해태제과,SSG,H013,해태과자013,1000
해태제과,쿠팡,H018,해태과자018,1001
롯데,G마켓,L018,롯데과자018,1001
빙그레,컬리,B006,빙그레과자006,1002
롯데,G마켓,L016,롯데과자016,1002
농심,네이버쇼핑,N022,농심과자022,1002
롯데,네이버쇼핑,L014,롯데과자014,1002
오리온,쿠팡,O025,오리온과자025,1003
빙그레,G마켓,B020,빙그레과자020,1003
빙그레,SSG,B017,빙그레과자017,1003
오리온,네이버쇼핑,O019,오리온과자019,1004
롯데,컬리,L016,롯데과자016,1005
해태제과,네이버쇼핑,H015,해태과자015,1005
해태제과,G마켓,H019,해태과자019,1005
빙그레,SSG,B015,빙그레과자015,1005
농심,컬리,N012,농심과자012,1005
오리온,G마켓,O023,오리온과자023,1005
오리온,G마켓,O015,오리온과자015,1006
오리온,쿠팡,O019,오리온과자019,1006
해태제과,G마켓,H017,해태과자017,1006
롯데,SSG,L016,롯데과자016,1006
오리온,SSG,O020,오리온과자020,1007
롯데,네이버쇼핑,L016,롯데과자016,1007
롯데,쿠팡,L024,롯데과자024,1008
오리온,G마켓,O021,오리온과자021,1008
빙그레,G마켓,B023,빙그레과자023,1008
오리온,컬리,O009,오리온과자009,1008
오리온,G마켓,O020,오리온과자020,1008
오리온,쿠팡,O022,오리온과자022,1009
농심,네이버쇼핑,N021,농심과자021,1009
오리온,G마켓,O018,오리온과자018,1010
오리온,쿠팡,O020,오리온과자020,1011
빙그레,네이버쇼핑,B023,빙그레과자023,1011
해태제과,컬리,H017,해태과자017,1011
농심,컬리,N014,농심과자014,1011
롯데,쿠팡,L019,롯데과자019,1012
농심,네이버쇼핑,N024,농심과자024,1012
농심,쿠팡,N017,농심과자017,1012
빙그레,G마켓,B021,빙그레과자021,1012
농심,G마켓,N013,농심과자013,1013
해태제과,쿠팡,H025,해태과자025,1013
해태제과,SSG,H017,해태과자017,1013
오리온,SSG,O015,오리온과자015,1013
오리온,G마켓,O016,오리온과자016,1014
오리온,컬리,O016,오리온과자016,1014
롯데,SSG,L022,롯데과자022,1014
해태제과,네이버쇼핑,H017,해태과자017,1014
오리온,G마켓,O014,오리온과자014,1015
해태제과,쿠팡,H021,해태과자021,1015
농심,쿠팡,N022,농심과자022,1016
오리온,SSG,O022,오리온과자022,1017
농심,G마켓,N023,농심과자023,1017
해태제과,쿠팡,H028,해태과자028,1017
빙그레,컬리,B014,빙그레과자014,1017
롯데,쿠팡,L020,롯데과자020,1018
빙그레,G마켓,B019,빙그레과자019,1018
해태제과,컬리,H021,해태과자021,1019
빙그레,G마켓,B024,빙그레과자024,1019
오리온,컬리,O018,오리온과자018,1019
오리온,G마켓,O024,오리온과자024,1019
농심,컬리,N018,농심과자018,1020
농심,네이버쇼핑,N026,농심과자026,1020
롯데,쿠팡,L027,롯데과자027,1020
해태제과,SSG,H023,해태과자023,1020
롯데,SSG,L023,롯데과자023,1021
농심,G마켓,N018,농심과자018,1021
농심,컬리,N017,농심과자017,1021
오리온,네이버쇼핑,O025,오리온과자025,1021
빙그레,컬리,B015,빙그레과자015,1021
농심,쿠팡,N020,농심과자020,1022
농심,G마켓,N019,농심과자019,1022
농심,컬리,N020,농심과자020,1022
오리온,쿠팡,O024,오리온과자024,1022
오리온,네이버쇼핑,O020,오리온과자020,1022
오리온,컬리,O013,오리온과자013,1022
오리온,SSG,O014,오리온과자014,1023
오리온,컬리,O019,오리온과자019,1023
롯데,네이버쇼핑,L021,롯데과자021,1023
농심,G마켓,N022,농심과자022,1023
빙그레,컬리,B018,빙그레과자018,1023
빙그레,SSG,B013,빙그레과자013,1023
롯데,컬리,L017,롯데과자017,1024
농심,쿠팡,N018,농심과자018,1024
농심,SSG,N015,농심과자015,1024
빙그레,네이버쇼핑,B020,빙그레과자020,1024
롯데,컬리,L020,롯데과자020,1025
빙그레,SSG,B020,빙그레과자020,1025
해태제과,네이버쇼핑,H022,해태과자022,1025
빙그레,네이버쇼핑,B025,빙그레과자025,1025
농심,컬리,N016,농심과자016,1025
오리온,컬리,O014,오리온과자014,1025
오리온,네이버쇼핑,O027,오리온과자027,1026
빙그레,네이버쇼핑,B026,빙그레과자026,1026
빙그레,SSG,B019,빙그레과자019,1026
해태제과,SSG,H024,해태과자024,1026
해태제과,컬리,H018,해태과자018,1029
농심,컬리,N013,농심과자013,1030
롯데,쿠팡,L022,롯데과자022,1031
오리온,쿠팡,O023,오리온과자023,1031
빙그레,네이버쇼핑,B022,빙그레과자022,1031
해태제과,SSG,H021,해태과자021,1031
빙그레,G마켓,B016,빙그레과자016,1031
농심,SSG,N021,농심과자021,1031
롯데,쿠팡,L018,롯데과자018,1031
롯데,네이버쇼핑,L019,롯데과자019,1031
농심,쿠팡,N019,농심과자019,1032
롯데,SSG,L018,롯데과자018,1032
빙그레,SSG,B022,빙그레과자022,1032
롯데,SSG,L020,롯데과자020,1033
농심,G마켓,N017,농심과자017,1033
오리온,네이버쇼핑,O023,오리온과자023,1033
빙그레,쿠팡,B020,빙그레과자020,1033
빙그레,컬리,B021,빙그레과자021,1034
농심,컬리,N021,농심과자021,1034
롯데,G마켓,L019,롯데과자019,1034
롯데,G마켓,L022,롯데과자022,1034
해태제과,쿠팡,H023,해태과자023,1035
롯데,네이버쇼핑,L018,롯데과자018,1035
롯데,쿠팡,L025,롯데과자025,1035
빙그레,컬리,B012,빙그레과자012,1035
해태제과,SSG,H019,해태과자019,1035
빙그레,컬리,B017,빙그레과자017,1036
롯데,쿠팡,L023,롯데과자023,1036
빙그레,네이버쇼핑,B024,빙그레과자024,1036
농심,네이버쇼핑,N027,농심과자027,1037
빙그레,네이버쇼핑,B029,빙그레과자029,1037
오리온,네이버쇼핑,O024,오리온과자024,1037
오리온,컬리,O012,오리온과자012,1037
해태제과,쿠팡,H019,해태과자019,1038
해태제과,네이버쇼핑,H019,해태과자019,1038
오리온,G마켓,O019,오리온과자019,1038
해태제과,G마켓,H023,해태과자023,1038
롯데,네이버쇼핑,L022,롯데과자022,1038
롯데,컬리,L015,롯데과자015,1039
농심,쿠팡,N027,농심과자027,1039
오리온,컬리,O017,오리온과자017,1039
해태제과,G마켓,H021,해태과자021,1039
빙그레,쿠팡,B023,빙그레과자023,1039
롯데,네이버쇼핑,L026,롯데과자026,1039
빙그레,네이버쇼핑,B027,빙그레과자027,1040
오리온,SSG,O021,오리온과자021,1040
해태제과,쿠팡,H024,해태과자024,1040
빙그레,컬리,B023,빙그레과자023,1040
해태제과,쿠팡,H026,해태과자026,1040
롯데,SSG,L021,롯데과자021,1040
오리온,SSG,O023,오리온과자023,1040
롯데,쿠팡,L026,롯데과자026,1040
빙그레,쿠팡,B025,빙그레과자025,1040
롯데,네이버쇼핑,L028,롯데과자028,1041
빙그레,쿠팡,B021,빙그레과자021,1041
해태제과,컬리,H016,해태과자016,1043
농심,네이버쇼핑,N028,농심과자028,1043
롯데,G마켓,L020,롯데과자020,1043
해태제과,네이버쇼핑,H027,해태과자027,1043
농심,네이버쇼핑,N025,농심과자025,1043
빙그레,G마켓,B026,빙그레과자026,1043
오리온,네이버쇼핑,O028,오리온과자028,1044
해태제과,네이버쇼핑,H023,해태과자023,1044
농심,쿠팡,N021,농심과자021,1045
해태제과,SSG,H022,해태과자022,1045
해태제과,쿠팡,H027,해태과자027,1045
농심,SSG,N024,농심과자024,1045
농심,SSG,N019,농심과자019,1046
오리온,네이버쇼핑,O026,오리온과자026,1047
해태제과,네이버쇼핑,H029,해태과자029,1047
농심,SSG,N027,농심과자027,1047
빙그레,컬리,B016,빙그레과자016,1047
농심,컬리,N022,농심과자022,1047
농심,네이버쇼핑,N029,농심과자029,1047
빙그레,컬리,B020,빙그레과자020,1048
농심,쿠팡,N023,농심과자023,1049
빙그레,SSG,B018,빙그레과자018,1049
빙그레,G마켓,B022,빙그레과자022,1049
농심,컬리,N019,농심과자019,1049
농심,쿠팡,N026,농심과자026,1049
롯데,SSG,L017,롯데과자017,1050
오리온,SSG,O019,오리온과자019,1050
롯데,네이버쇼핑,L023,롯데과자023,1050
빙그레,G마켓,B025,빙그레과자025,1051
해태제과,네이버쇼핑,H028,해태과자028,1051
빙그레,네이버쇼핑,B021,빙그레과자021,1051
오리온,SSG,O018,오리온과자018,1052
빙그레,컬리,B019,빙그레과자019,1052
해태제과,컬리,H020,해태과자020,1052
오리온,G마켓,O025,오리온과자025,1053
농심,쿠팡,N024,농심과자024,1053
오리온,SSG,O026,오리온과자026,1053
롯데,네이버쇼핑,L025,롯데과자025,1053
해태제과,쿠팡,H030,해태과자030,1053
빙그레,SSG,B021,빙그레과자021,1053
롯데,네이버쇼핑,L027,롯데과자027,1055
빙그레,쿠팡,B022,빙그레과자022,1055
해태제과,네이버쇼핑,H024,해태과자024,1055
해태제과,SSG,H018,해태과자018,1056
롯데,SSG,L026,롯데과자026,1057
오리온,컬리,O021,오리온과자021,1057
농심,G마켓,N024,농심과자024,1057
오리온,SSG,O027,오리온과자027,1057
오리온,G마켓,O030,오리온과자030,1057
빙그레,SSG,B024,빙그레과자024,1057
빙그레,컬리,B024,빙그레과자024,1058
롯데,G마켓,L023,롯데과자023,1058
롯데,G마켓,L021,롯데과자021,1058
농심,쿠팡,N029,농심과자029,1058
롯데,컬리,L021,롯데과자021,1059
오리온,컬리,O024,오리온과자024,1059
해태제과,네이버쇼핑,H026,해태과자026,1059
해태제과,SSG,H028,해태과자028,1059
해태제과,G마켓,H024,해태과자024,1060
농심,SSG,N023,농심과자023,1060
오리온,컬리,O020,오리온과자020,1060
농심,쿠팡,N025,농심과자025,1061
롯데,SSG,L019,롯데과자019,1061
빙그레,네이버쇼핑,B030,빙그레과자030,1061
농심,쿠팡,N031,농심과자031,1061
농심,G마켓,N026,농심과자026,1061
빙그레,네이버쇼핑,B028,빙그레과자028,1062
해태제과,SSG,H027,해태과자027,1062
오리온,네이버쇼핑,O032,오리온과자032,1062
오리온,SSG,O025,오리온과자025,1063
해태제과,G마켓,H022,해태과자022,1063
해태제과,컬리,H022,해태과자022,1064
오리온,네이버쇼핑,O031,오리온과자031,1064
롯데,SSG,L027,롯데과자027,1064
농심,G마켓,N025,농심과자025,1064
빙그레,쿠팡,B029,빙그레과자029,1064
롯데,네이버쇼핑,L032,롯데과자032,1065
롯데,쿠팡,L028,롯데과자028,1066
농심,컬리,N024,농심과자024,1066
농심,SSG,N025,농심과자025,1067
해태제과,G마켓,H028,해태과자028,1067
해태제과,네이버쇼핑,H033,해태과자033,1068
롯데,컬리,L018,롯데과자018,1068
오리온,G마켓,O022,오리온과자022,1068
롯데,네이버쇼핑,L031,롯데과자031,1069
농심,쿠팡,N033,농심과자033,1070
해태제과,SSG,H020,해태과자020,1070
오리온,네이버쇼핑,O030,오리온과자030,1071
오리온,네이버쇼핑,O029,오리온과자029,1071
빙그레,쿠팡,B024,빙그레과자024,1071
해태제과,컬리,H019,해태과자019,1071
빙그레,컬리,B025,빙그레과자025,1072
롯데,G마켓,L027,롯데과자027,1072
빙그레,G마켓,B031,빙그레과자031,1072
오리온,컬리,O023,오리온과자023,1072
해태제과,쿠팡,H029,해태과자029,1072
빙그레,SSG,B027,빙그레과자027,1072
롯데,쿠팡,L035,롯데과자035,1072
농심,G마켓,N030,농심과자030,1073
오리온,쿠팡,O029,오리온과자029,1073
빙그레,쿠팡,B026,빙그레과자026,1073
빙그레,쿠팡,B032,빙그레과자032,1073
빙그레,네이버쇼핑,B031,빙그레과자031,1074
해태제과,네이버쇼핑,H032,해태과자032,1075
농심,쿠팡,N028,농심과자028,1075
롯데,쿠팡,L031,롯데과자031,1075
오리온,네이버쇼핑,O033,오리온과자033,1075
오리온,G마켓,O028,오리온과자028,1075
오리온,네이버쇼핑,O035,오리온과자035,1075
롯데,네이버쇼핑,L029,롯데과자029,1075
농심,SSG,N020,농심과자020,1076
해태제과,쿠팡,H036,해태과자036,1077
해태제과,쿠팡,H032,해태과자032,1077
롯데,네이버쇼핑,L024,롯데과자024,1077
오리온,쿠팡,O026,오리온과자026,1077
롯데,쿠팡,L029,롯데과자029,1077
농심,SSG,N031,농심과자031,1078
오리온,쿠팡,O031,오리온과자031,1078
빙그레,G마켓,B029,빙그레과자029,1078
빙그레,쿠팡,B028,빙그레과자028,1078
빙그레,쿠팡,B027,빙그레과자027,1078
롯데,G마켓,L030,롯데과자030,1079
롯데,SSG,L030,롯데과자030,1079
농심,쿠팡,N032,농심과자032,1079
오리온,G마켓,O032,오리온과자032,1080
롯데,G마켓,L028,롯데과자028,1080
농심,SSG,N022,농심과자022,1080
빙그레,네이버쇼핑,B032,빙그레과자032,1080
해태제과,네이버쇼핑,H025,해태과자025,1080
오리온,컬리,O029,오리온과자029,1080
롯데,컬리,L025,롯데과자025,1081
오리온,컬리,O027,오리온과자027,1081
해태제과,G마켓,H031,해태과자031,1081
빙그레,G마켓,B027,빙그레과자027,1081
농심,컬리,N028,농심과자028,1082
롯데,쿠팡,L030,롯데과자030,1082
오리온,컬리,O026,오리온과자026,1083
빙그레,G마켓,B028,빙그레과자028,1083
롯데,G마켓,L025,롯데과자025,1083
롯데,G마켓,L033,롯데과자033,1083
해태제과,컬리,H026,해태과자026,1083
오리온,G마켓,O027,오리온과자027,1084
해태제과,SSG,H031,해태과자031,1084
오리온,컬리,O022,오리온과자022,1084
롯데,G마켓,L031,롯데과자031,1084
농심,SSG,N032,농심과자032,1084
농심,G마켓,N031,농심과자031,1085
빙그레,쿠팡,B036,빙그레과자036,1085
오리온,SSG,O024,오리온과자024,1085
농심,SSG,N029,농심과자029,1085
빙그레,SSG,B028,빙그레과자028,1085
해태제과,쿠팡,H031,해태과자031,1085
해태제과,G마켓,H029,해태과자029,1086
빙그레,SSG,B026,빙그레과자026,1086
해태제과,컬리,H030,해태과자030,1086
빙그레,쿠팡,B034,빙그레과자034,1086
오리온,쿠팡,O028,오리온과자028,1087
오리온,G마켓,O031,오리온과자031,1087
해태제과,G마켓,H026,해태과자026,1088
롯데,컬리,L019,롯데과자019,1088
롯데,컬리,L028,롯데과자028,1088
롯데,쿠팡,L032,롯데과자032,1088
오리온,쿠팡,O027,오리온과자027,1088
해태제과,G마켓,H030,해태과자030,1089
해태제과,G마켓,H034,해태과자034,1089
오리온,컬리,O025,오리온과자025,1089
해태제과,G마켓,H032,해태과자032,1091
해태제과,쿠팡,H033,해태과자033,1091
롯데,네이버쇼핑,L035,롯데과자035,1091
오리온,네이버쇼핑,O036,오리온과자036,1091
롯데,SSG,L025,롯데과자025,1091
롯데,컬리,L026,롯데과자026,1091
롯데,네이버쇼핑,L030,롯데과자030,1091
빙그레,컬리,B027,빙그레과자027,1091
롯데,G마켓,L024,롯데과자024,1092
빙그레,SSG,B023,빙그레과자023,1092
농심,G마켓,N029,농심과자029,1092
롯데,컬리,L023,롯데과자023,1092
빙그레,쿠팡,B031,빙그레과자031,1093
롯데,G마켓,L026,롯데과자026,1093
농심,컬리,N031,농심과자031,1093
농심,G마켓,N027,농심과자027,1093
오리온,쿠팡,O036,오리온과자036,1094
해태제과,네이버쇼핑,H030,해태과자030,1094
농심,네이버쇼핑,N031,농심과자031,1094
해태제과,G마켓,H035,해태과자035,1094
롯데,컬리,L029,롯데과자029,1094
해태제과,SSG,H026,해태과자026,1094
해태제과,컬리,H029,해태과자029,1094
오리온,SSG,O030,오리온과자030,1094
농심,SSG,N028,농심과자028,1095
농심,네이버쇼핑,N033,농심과자033,1095
해태제과,네이버쇼핑,H036,해태과자036,1095
롯데,네이버쇼핑,L037,롯데과자037,1095
해태제과,G마켓,H025,해태과자025,1096
오리온,컬리,O030,오리온과자030,1096
해태제과,네이버쇼핑,H031,해태과자031,1096
농심,G마켓,N035,농심과자035,1096
농심,G마켓,N033,농심과자033,1096
오리온,G마켓,O026,오리온과자026,1097
해태제과,컬리,H024,해태과자024,1097
해태제과,쿠팡,H035,해태과자035,1097
농심,컬리,N027,농심과자027,1097
롯데,SSG,L032,롯데과자032,1097
농심,G마켓,N032,농심과자032,1098
농심,컬리,N023,농심과자023,1098
빙그레,G마켓,B033,빙그레과자033,1098
해태제과,G마켓,H027,해태과자027,1098
해태제과,컬리,H027,해태과자027,1098
빙그레,쿠팡,B035,빙그레과자035,1098
빙그레,SSG,B035,빙그레과자035,1099
오리온,SSG,O028,오리온과자028,1099
해태제과,네이버쇼핑,H038,해태과자038,1100
롯데,G마켓,L034,롯데과자034,1100
농심,컬리,N032,농심과자032,1100
빙그레,G마켓,B032,빙그레과자032,1100
오리온,쿠팡,O035,오리온과자035,1101
빙그레,컬리,B032,빙그레과자032,1101
농심,쿠팡,N038,농심과자038,1102
롯데,SSG,L024,롯데과자024,1102
해태제과,SSG,H033,해태과자033,1102
롯데,쿠팡,L034,롯데과자034,1102
오리온,SSG,O036,오리온과자036,1103
빙그레,컬리,B022,빙그레과자022,1103
롯데,컬리,L024,롯데과자024,1104
오리온,컬리,O028,오리온과자028,1104
빙그레,쿠팡,B030,빙그레과자030,1104
오리온,네이버쇼핑,O034,오리온과자034,1105
농심,네이버쇼핑,N030,농심과자030,1105
오리온,쿠팡,O039,오리온과자039,1105
빙그레,SSG,B034,빙그레과자034,1106
해태제과,SSG,H025,해태과자025,1106
농심,컬리,N025,농심과자025,1107
오리온,네이버쇼핑,O037,오리온과자037,1107
오리온,쿠팡,O030,오리온과자030,1107
농심,쿠팡,N034,농심과자034,1107
롯데,G마켓,L029,롯데과자029,1107
오리온,컬리,O031,오리온과자031,1108
해태제과,컬리,H025,해태과자025,1108
롯데,컬리,L022,롯데과자022,1108
롯데,쿠팡,L033,롯데과자033,1108
농심,네이버쇼핑,N035,농심과자035,1108
농심,SSG,N026,농심과자026,1108
오리온,네이버쇼핑,O038,오리온과자038,1108
오리온,SSG,O033,오리온과자033,1108
빙그레,SSG,B025,빙그레과자025,1108
해태제과,네이버쇼핑,H035,해태과자035,1109
농심,컬리,N030,농심과자030,1109
빙그레,SSG,B031,빙그레과자031,1110
빙그레,G마켓,B034,빙그레과자034,1111
농심,SSG,N033,농심과자033,1111
오리온,쿠팡,O032,오리온과자032,1112
농심,쿠팡,N030,농심과자030,1112
롯데,네이버쇼핑,L033,롯데과자033,1112
빙그레,G마켓,B036,빙그레과자036,1112
해태제과,쿠팡,H034,해태과자034,1113
해태제과,컬리,H028,해태과자028,1113
빙그레,G마켓,B035,빙그레과자035,1113
농심,G마켓,N028,농심과자028,1113
해태제과,컬리,H023,해태과자023,1113
빙그레,컬리,B031,빙그레과자031,1113
오리온,네이버쇼핑,O039,오리온과자039,1114
롯데,네이버쇼핑,L034,롯데과자034,1114
빙그레,네이버쇼핑,B036,빙그레과자036,1115
농심,컬리,N026,농심과자026,1115
오리온,쿠팡,O033,오리온과자033,1116
롯데,네이버쇼핑,L036,롯데과자036,1116
해태제과,네이버쇼핑,H034,해태과자034,1116
농심,쿠팡,N035,농심과자035,1116
오리온,G마켓,O035,오리온과자035,1116
농심,SSG,N030,농심과자030,1116
롯데,컬리,L027,롯데과자027,1117
오리온,G마켓,O029,오리온과자029,1119
롯데,SSG,L031,롯데과자031,1119
롯데,SSG,L033,롯데과자033,1119
농심,G마켓,N036,농심과자036,1119
빙그레,네이버쇼핑,B034,빙그레과자034,1119
빙그레,컬리,B034,빙그레과자034,1119
빙그레,컬리,B035,빙그레과자035,1120
오리온,G마켓,O033,오리온과자033,1120
오리온,G마켓,O039,오리온과자039,1120
롯데,SSG,L029,롯데과자029,1120
오리온,쿠팡,O038,오리온과자038,1121
해태제과,네이버쇼핑,H037,해태과자037,1122
오리온,쿠팡,O040,오리온과자040,1122
롯데,SSG,L028,롯데과자028,1122
롯데,네이버쇼핑,L038,롯데과자038,1122
빙그레,쿠팡,B040,빙그레과자040,1122
빙그레,컬리,B028,빙그레과자028,1123
빙그레,G마켓,B038,빙그레과자038,1123
오리온,SSG,O032,오리온과자032,1123
롯데,G마켓,L035,롯데과자035,1123
빙그레,컬리,B026,빙그레과자026,1123
빙그레,G마켓,B030,빙그레과자030,1123
빙그레,SSG,B032,빙그레과자032,1123
빙그레,쿠팡,B042,빙그레과자042,1124
해태제과,SSG,H029,해태과자029,1124
오리온,쿠팡,O042,오리온과자042,1124
해태제과,SSG,H032,해태과자032,1125
해태제과,SSG,H034,해태과자034,1125
롯데,SSG,L036,롯데과자036,1125
빙그레,SSG,B029,빙그레과자029,1126
오리온,쿠팡,O034,오리온과자034,1126
해태제과,네이버쇼핑,H039,해태과자039,1126
빙그레,쿠팡,B037,빙그레과자037,1126
롯데,SSG,L037,롯데과자037,1127
해태제과,G마켓,H040,해태과자040,1128
농심,쿠팡,N042,농심과자042,1128
농심,SSG,N038,농심과자038,1128
농심,G마켓,N034,농심과자034,1128
농심,네이버쇼핑,N032,농심과자032,1128
오리온,G마켓,O034,오리온과자034,1128
오리온,SSG,O029,오리온과자029,1128
해태제과,SSG,H037,해태과자037,1129
빙그레,컬리,B030,빙그레과자030,1129
오리온,컬리,O033,오리온과자033,1129
오리온,SSG,O034,오리온과자034,1129
롯데,컬리,L030,롯데과자030,1130
빙그레,SSG,B036,빙그레과자036,1130
해태제과,G마켓,H036,해태과자036,1130
농심,쿠팡,N037,농심과자037,1131
빙그레,네이버쇼핑,B033,빙그레과자033,1131
해태제과,SSG,H038,해태과자038,1131
해태제과,컬리,H035,해태과자035,1132
해태제과,네이버쇼핑,H040,해태과자040,1132
빙그레,G마켓,B040,빙그레과자040,1132
해태제과,SSG,H030,해태과자030,1132
롯데,네이버쇼핑,L042,롯데과자042,1133
빙그레,컬리,B029,빙그레과자029,1133
롯데,SSG,L035,롯데과자035,1133
농심,네이버쇼핑,N039,농심과자039,1134
농심,컬리,N034,농심과자034,1134
농심,SSG,N034,농심과자034,1135
빙그레,컬리,B033,빙그레과자033,1135
해태제과,컬리,H031,해태과자031,1135
빙그레,네이버쇼핑,B041,빙그레과자041,1135
롯데,G마켓,L040,롯데과자040,1135
빙그레,네이버쇼핑,B040,빙그레과자040,1136
빙그레,네이버쇼핑,B038,빙그레과자038,1136
빙그레,쿠팡,B033,빙그레과자033,1137
해태제과,SSG,H036,해태과자036,1137
해태제과,네이버쇼핑,H043,해태과자043,1137
롯데,컬리,L031,롯데과자031,1137
롯데,컬리,L034,롯데과자034,1138
농심,네이버쇼핑,N034,농심과자034,1138
빙그레,SSG,B030,빙그레과자030,1138
해태제과,네이버쇼핑,H042,해태과자042,1138
농심,컬리,N029,농심과자029,1138
농심,쿠팡,N045,농심과자045,1139
해태제과,G마켓,H041,해태과자041,1140
오리온,쿠팡,O037,오리온과자037,1140
롯데,네이버쇼핑,L041,롯데과자041,1141
오리온,SSG,O040,오리온과자040,1142
오리온,쿠팡,O041,오리온과자041,1142
농심,SSG,N040,농심과자040,1142
해태제과,컬리,H032,해태과자032,1142
오리온,SSG,O031,오리온과자031,1143
빙그레,SSG,B033,빙그레과자033,1143
빙그레,쿠팡,B038,빙그레과자038,1143
오리온,컬리,O037,오리온과자037,1144
빙그레,G마켓,B039,빙그레과자039,1145
롯데,네이버쇼핑,L043,롯데과자043,1145
농심,컬리,N035,농심과자035,1145
오리온,SSG,O041,오리온과자041,1146
롯데,G마켓,L032,롯데과자032,1146
오리온,G마켓,O036,오리온과자036,1147
빙그레,네이버쇼핑,B035,빙그레과자035,1147
롯데,쿠팡,L036,롯데과자036,1147
빙그레,G마켓,B037,빙그레과자037,1148
오리온,SSG,O038,오리온과자038,1148
오리온,G마켓,O040,오리온과자040,1148
농심,SSG,N041,농심과자041,1149
오리온,컬리,O039,오리온과자039,1149
오리온,G마켓,O042,오리온과자042,1149
롯데,네이버쇼핑,L039,롯데과자039,1149
농심,SSG,N036,농심과자036,1150
해태제과,네이버쇼핑,H044,해태과자044,1150
해태제과,쿠팡,H037,해태과자037,1150
롯데,G마켓,L042,롯데과자042,1150
롯데,네이버쇼핑,L040,롯데과자040,1150
오리온,네이버쇼핑,O042,오리온과자042,1151
롯데,컬리,L033,롯데과자033,1151
농심,쿠팡,N036,농심과자036,1151
롯데,컬리,L037,롯데과자037,1151
롯데,쿠팡,L039,롯데과자039,1152
빙그레,SSG,B037,빙그레과자037,1152
농심,네이버쇼핑,N037,농심과자037,1152
해태제과,G마켓,H033,해태과자033,1152
오리온,컬리,O036,오리온과자036,1152
빙그레,컬리,B037,빙그레과자037,1152
해태제과,쿠팡,H042,해태과자042,1153
농심,G마켓,N037,농심과자037,1154
빙그레,쿠팡,B045,빙그레과자045,1154
롯데,컬리,L036,롯데과자036,1154
롯데,네이버쇼핑,L045,롯데과자045,1154
빙그레,네이버쇼핑,B037,빙그레과자037,1154
롯데,G마켓,L038,롯데과자038,1154
농심,쿠팡,N043,농심과자043,1154
해태제과,네이버쇼핑,H041,해태과자041,1155
오리온,네이버쇼핑,O040,오리온과자040,1155
해태제과,G마켓,H043,해태과자043,1156
롯데,쿠팡,L041,롯데과자041,1156
롯데,G마켓,L037,롯데과자037,1156
오리온,G마켓,O038,오리온과자038,1156
농심,네이버쇼핑,N036,농심과자036,1156
농심,컬리,N038,농심과자038,1157
오리온,컬리,O040,오리온과자040,1157
해태제과,컬리,H037,해태과자037,1157
롯데,쿠팡,L037,롯데과자037,1157
해태제과,컬리,H034,해태과자034,1157
해태제과,G마켓,H038,해태과자038,1158
해태제과,컬리,H038,해태과자038,1158
롯데,컬리,L035,롯데과자035,1158
롯데,컬리,L039,롯데과자039,1158
오리온,G마켓,O044,오리온과자044,1158
오리온,SSG,O037,오리온과자037,1158
해태제과,컬리,H040,해태과자040,1159
해태제과,네이버쇼핑,H046,해태과자046,1159
농심,네이버쇼핑,N044,농심과자044,1159
농심,쿠팡,N040,농심과자040,1159
해태제과,G마켓,H039,해태과자039,1160
오리온,컬리,O032,오리온과자032,1160
오리온,G마켓,O041,오리온과자041,1160
해태제과,쿠팡,H040,해태과자040,1160
오리온,SSG,O039,오리온과자039,1160
농심,쿠팡,N044,농심과자044,1161
해태제과,G마켓,H042,해태과자042,1161
해태제과,SSG,H035,해태과자035,1161
빙그레,SSG,B043,빙그레과자043,1161
롯데,컬리,L032,롯데과자032,1162
해태제과,쿠팡,H038,해태과자038,1163
오리온,SSG,O035,오리온과자035,1163
농심,G마켓,N040,농심과자040,1163
농심,쿠팡,N039,농심과자039,1163
빙그레,쿠팡,B041,빙그레과자041,1164
오리온,쿠팡,O043,오리온과자043,1164
해태제과,컬리,H036,해태과자036,1164
농심,쿠팡,N041,농심과자041,1164
롯데,쿠팡,L038,롯데과자038,1164
롯데,SSG,L034,롯데과자034,1164
오리온,쿠팡,O047,오리온과자047,1165
빙그레,쿠팡,B048,빙그레과자048,1165
오리온,컬리,O041,오리온과자041,1165
롯데,G마켓,L036,롯데과자036,1165
오리온,SSG,O042,오리온과자042,1166
농심,네이버쇼핑,N040,농심과자040,1166
해태제과,컬리,H033,해태과자033,1166
빙그레,SSG,B044,빙그레과자044,1167
롯데,G마켓,L041,롯데과자041,1167
해태제과,쿠팡,H039,해태과자039,1168
농심,컬리,N033,농심과자033,1168
빙그레,네이버쇼핑,B042,빙그레과자042,1169
오리온,컬리,O034,오리온과자034,1169
해태제과,G마켓,H037,해태과자037,1170
빙그레,컬리,B038,빙그레과자038,1170
오리온,컬리,O035,오리온과자035,1170
빙그레,컬리,B041,빙그레과자041,1171
롯데,쿠팡,L046,롯데과자046,1171
농심,네이버쇼핑,N046,농심과자046,1171
농심,SSG,N035,농심과자035,1171
롯데,네이버쇼핑,L046,롯데과자046,1171
오리온,네이버쇼핑,O044,오리온과자044,1172
농심,네이버쇼핑,N038,농심과자038,1172
롯데,컬리,L040,롯데과자040,1174
해태제과,네이버쇼핑,H047,해태과자047,1174
롯데,SSG,L040,롯데과자040,1175
농심,네이버쇼핑,N043,농심과자043,1175
농심,네이버쇼핑,N045,농심과자045,1176
농심,SSG,N039,농심과자039,1176
농심,네이버쇼핑,N048,농심과자048,1176
농심,SSG,N044,농심과자044,1177
롯데,네이버쇼핑,L044,롯데과자044,1177
오리온,G마켓,O037,오리온과자037,1177
빙그레,쿠팡,B043,빙그레과자043,1177
해태제과,쿠팡,H047,해태과자047,1177
롯데,SSG,L038,롯데과자038,1178
롯데,SSG,L043,롯데과자043,1178
빙그레,SSG,B039,빙그레과자039,1178
해태제과,SSG,H041,해태과자041,1178
농심,네이버쇼핑,N041,농심과자041,1179
빙그레,쿠팡,B039,빙그레과자039,1179
해태제과,컬리,H041,해태과자041,1179
빙그레,SSG,B041,빙그레과자041,1180
오리온,쿠팡,O044,오리온과자044,1180
빙그레,쿠팡,B046,빙그레과자046,1180
롯데,쿠팡,L042,롯데과자042,1180
해태제과,SSG,H044,해태과자044,1181
해태제과,네이버쇼핑,H045,해태과자045,1181
빙그레,네이버쇼핑,B039,빙그레과자039,1181
롯데,SSG,L046,롯데과자046,1181
빙그레,쿠팡,B044,빙그레과자044,1181
빙그레,G마켓,B043,빙그레과자043,1181
농심,SSG,N045,농심과자045,1182
해태제과,컬리,H042,해태과자042,1182
롯데,쿠팡,L045,롯데과자045,1182
농심,G마켓,N039,농심과자039,1182
농심,SSG,N037,농심과자037,1182
빙그레,네이버쇼핑,B043,빙그레과자043,1183
오리온,G마켓,O043,오리온과자043,1183
농심,G마켓,N038,농심과자038,1183
롯데,컬리,L038,롯데과자038,1183
오리온,G마켓,O045,오리온과자045,1183
해태제과,SSG,H039,해태과자039,1183
롯데,쿠팡,L040,롯데과자040,1184
해태제과,쿠팡,H046,해태과자046,1184
농심,G마켓,N041,농심과자041,1184
롯데,쿠팡,L043,롯데과자043,1185
빙그레,컬리,B036,빙그레과자036,1185
해태제과,컬리,H039,해태과자039,1185
해태제과,쿠팡,H043,해태과자043,1185
해태제과,SSG,H047,해태과자047,1185
롯데,컬리,L041,롯데과자041,1186
농심,컬리,N039,농심과자039,1186
롯데,네이버쇼핑,L047,롯데과자047,1186
빙그레,G마켓,B041,빙그레과자041,1186
빙그레,쿠팡,B047,빙그레과자047,1186
빙그레,네이버쇼핑,B047,빙그레과자047,1187
농심,컬리,N036,농심과자036,1187
빙그레,SSG,B042,빙그레과자042,1187
오리온,컬리,O043,오리온과자043,1188
롯데,네이버쇼핑,L048,롯데과자048,1188
오리온,SSG,O043,오리온과자043,1189
해태제과,쿠팡,H044,해태과자044,1190
롯데,G마켓,L043,롯데과자043,1190
해태제과,쿠팡,H041,해태과자041,1191
오리온,네이버쇼핑,O043,오리온과자043,1191
농심,G마켓,N045,농심과자045,1191
오리온,네이버쇼핑,O041,오리온과자041,1191
해태제과,네이버쇼핑,H048,해태과자048,1191
오리온,SSG,O047,오리온과자047,1192
해태제과,G마켓,H044,해태과자044,1193
롯데,G마켓,L045,롯데과자045,1194
오리온,쿠팡,O046,오리온과자046,1194
빙그레,컬리,B040,빙그레과자040,1195
농심,쿠팡,N046,농심과자046,1195
롯데,SSG,L042,롯데과자042,1195
롯데,쿠팡,L044,롯데과자044,1196
빙그레,SSG,B038,빙그레과자038,1196
농심,네이버쇼핑,N042,농심과자042,1196
오리온,네이버쇼핑,O048,오리온과자048,1196
빙그레,네이버쇼핑,B044,빙그레과자044,1197
롯데,컬리,L043,롯데과자043,1198
롯데,G마켓,L044,롯데과자044,1198
롯데,G마켓,L039,롯데과자039,1198
해태제과,G마켓,H046,해태과자046,1198
해태제과,쿠팡,H045,해태과자045,1198
농심,컬리,N043,농심과자043,1199
해태제과,SSG,H043,해태과자043,1199
롯데,쿠팡,L048,롯데과자048,1199
빙그레,네이버쇼핑,B046,빙그레과자046,1199
롯데,SSG,L044,롯데과자044,1200
농심,네이버쇼핑,N047,농심과자047,1201
오리온,컬리,O038,오리온과자038,1202
빙그레,SSG,B047,빙그레과자047,1202
빙그레,네이버쇼핑,B048,빙그레과자048,1203
빙그레,G마켓,B044,빙그레과자044,1203
빙그레,G마켓,B042,빙그레과자042,1203
해태제과,G마켓,H045,해태과자045,1203
빙그레,컬리,B042,빙그레과자042,1204
농심,G마켓,N043,농심과자043,1204
해태제과,SSG,H045,해태과자045,1204
해태제과,컬리,H044,해태과자044,1204
롯데,SSG,L039,롯데과자039,1205
오리온,컬리,O044,오리온과자044,1206
농심,쿠팡,N047,농심과자047,1206
농심,컬리,N037,농심과자037,1207
빙그레,SSG,B048,빙그레과자048,1208
농심,SSG,N043,농심과자043,1210
농심,G마켓,N046,농심과자046,1210
빙그레,SSG,B040,빙그레과자040,1212
농심,G마켓,N042,농심과자042,1212
농심,G마켓,N044,농심과자044,1213
해태제과,SSG,H040,해태과자040,1213
농심,컬리,N044,농심과자044,1213
오리온,SSG,O045,오리온과자045,1214
오리온,네이버쇼핑,O046,오리온과자046,1215
빙그레,컬리,B039,빙그레과자039,1215
롯데,쿠팡,L047,롯데과자047,1216
오리온,쿠팡,O045,오리온과자045,1216
빙그레,G마켓,B048,빙그레과자048,1217
농심,쿠팡,N048,농심과자048,1217
농심,컬리,N046,농심과자046,1217
오리온,네이버쇼핑,O045,오리온과자045,1217
해태제과,SSG,H042,해태과자042,1218
오리온,G마켓,O046,오리온과자046,1218
오리온,컬리,O047,오리온과자047,1220
농심,컬리,N041,농심과자041,1220
농심,SSG,N042,농심과자042,1220
빙그레,네이버쇼핑,B045,빙그레과자045,1221
오리온,컬리,O042,오리온과자042,1222
농심,컬리,N047,농심과자047,1222
롯데,컬리,L047,롯데과자047,1222
해태제과,쿠팡,H048,해태과자048,1222
농심,컬리,N042,농심과자042,1223
롯데,SSG,L041,롯데과자041,1223
빙그레,컬리,B046,빙그레과자046,1225
롯데,G마켓,L046,롯데과자046,1225
오리온,쿠팡,O048,오리온과자048,1227
롯데,SSG,L048,롯데과자048,1227
빙그레,G마켓,B046,빙그레과자046,1228
해태제과,컬리,H048,해태과자048,1228
롯데,컬리,L046,롯데과자046,1229
롯데,컬리,L042,롯데과자042,1231
해태제과,G마켓,H047,해태과자047,1231
해태제과,컬리,H047,해태과자047,1234
해태제과,컬리,H043,해태과자043,1234
오리온,SSG,O044,오리온과자044,1234
롯데,G마켓,L048,롯데과자048,1236
오리온,네이버쇼핑,O047,오리온과자047,1236
빙그레,SSG,B046,빙그레과자046,1236
빙그레,컬리,B044,빙그레과자044,1236
농심,G마켓,N047,농심과자047,1236
농심,컬리,N040,농심과자040,1236
농심,컬리,N045,농심과자045,1237
롯데,SSG,L047,롯데과자047,1237
빙그레,G마켓,B045,빙그레과자045,1238
롯데,컬리,L044,롯데과자044,1238
빙그레,컬리,B047,빙그레과자047,1238
빙그레,G마켓,B047,빙그레과자047,1238
롯데,SSG,L045,롯데과자045,1239
오리온,SSG,O048,오리온과자048,1240
해태제과,SSG,H048,해태과자048,1242
농심,SSG,N048,농심과자048,1244
해태제과,컬리,H045,해태과자045,1244
오리온,G마켓,O048,오리온과자048,1245
오리온,G마켓,O047,오리온과자047,1246
해태제과,SSG,H046,해태과자046,1246
오리온,SSG,O046,오리온과자046,1246
빙그레,SSG,B045,빙그레과자045,1248
빙그레,컬리,B045,빙그레과자045,1248
농심,SSG,N047,농심과자047,1249
농심,SSG,N046,농심과자046,1250
롯데,컬리,L045,롯데과자045,1250
오리온,컬리,O045,오리온과자045,1250
오리온,컬리,O048,오리온과자048,1251
롯데,G마켓,L047,롯데과자047,1254
해태제과,컬리,H046,해태과자046,1254
빙그레,컬리,B043,빙그레과자043,1255
농심,G마켓,N048,농심과자048,1256
해태제과,G마켓,H048,해태과자048,1259
빙그레,컬리,B048,빙그레과자048,1263
오리온,컬리,O046,오리온과자046,1270
롯데,컬리,L048,롯데과자048,1279
농심,컬리,N048,농심과자048,1284
