manufacturer,product_key,product_name,cheaper_mall,cheaper_price
해태제과,H000,해태과자000,G마켓,843
해태제과,H000,해태과자000,SSG,865
해태제과,H000,해태과자000,네이버쇼핑,868
해태제과,H001,해태과자001,G마켓,861
해태제과,H001,해태과자001,컬리,879
해태제과,H002,해태과자002,네이버쇼핑,881
해태제과,H002,해태과자002,SSG,882
해태제과,H002,해태과자002,G마켓,897
해태제과,H003,해태과자003,G마켓,856
해태제과,H003,해태과자003,네이버쇼핑,861
해태제과,H003,해태과자003,컬리,887
해태제과,H004,해태과자004,G마켓,868
해태제과,H004,해태과자004,네이버쇼핑,884
해태제과,H004,해태과자004,SSG,906
해태제과,H004,해태과자004,컬리,906
해태제과,H005,해태과자005,네이버쇼핑,875
해태제과,H006,해태과자006,네이버쇼핑,872
해태제과,H006,해태과자006,G마켓,891
해태제과,H007,해태과자007,네이버쇼핑,881
해태제과,H007,해태과자007,SSG,912
해태제과,H008,해태과자008,네이버쇼핑,912
해태제과,H009,해태과자009,네이버쇼핑,886
해태제과,H010,해태과자010,네이버쇼핑,911
해태제과,H011,해태과자011,G마켓,918
해태제과,H011,해태과자011,네이버쇼핑,922
해태제과,H013,해태과자013,G마켓,944
해태제과,H013,해태과자013,네이버쇼핑,979
해태제과,H013,해태과자013,컬리,979
해태제과,H018,해태과자018,G마켓,969
해태제과,H018,해태과자018,네이버쇼핑,983
해태제과,H019,해태과자019,G마켓,993
해태제과,H019,해태과자019,SSG,1024
해태제과,H021,해태과자021,네이버쇼핑,978
해태제과,H023,해태과자023,SSG,1009
해태제과,H024,해태과자024,SSG,1014
해태제과,H029,해태과자029,네이버쇼핑,1039
해태제과,H031,해태과자031,SSG,1071
해태제과,H031,해태과자031,G마켓,1072
해태제과,H032,해태과자032,네이버쇼핑,1066
해태제과,H033,해태과자033,네이버쇼핑,1058
해태제과,H034,해태과자034,G마켓,1077
해태제과,H035,해태과자035,G마켓,1085
해태제과,H037,해태과자037,네이버쇼핑,1112
해태제과,H037,해태과자037,SSG,1118
해태제과,H038,해태과자038,네이버쇼핑,1091
해태제과,H038,해태과자038,SSG,1121
해태제과,H038,해태과자038,컬리,1146
해태제과,H038,해태과자038,G마켓,1148
해태제과,H039,해태과자039,네이버쇼핑,1116
해태제과,H039,해태과자039,G마켓,1146
해태제과,H040,해태과자040,G마켓,1117
해태제과,H040,해태과자040,네이버쇼핑,1122
해태제과,H041,해태과자041,G마켓,1128
해태제과,H041,해태과자041,네이버쇼핑,1146
해태제과,H041,해태과자041,SSG,1167
해태제과,H041,해태과자041,컬리,1167
해태제과,H042,해태과자042,네이버쇼핑,1129
해태제과,H043,해태과자043,네이버쇼핑,1129
해태제과,H043,해태과자043,G마켓,1146
해태제과,H044,해태과자044,네이버쇼핑,1140
해태제과,H044,해태과자044,SSG,1173
해태제과,H045,해태과자045,네이버쇼핑,1170
해태제과,H046,해태과자046,네이버쇼핑,1147
해태제과,H048,해태과자048,네이버쇼핑,1180
해태제과,H049,해태과자049,네이버쇼핑,826
