batch_date,manufacturer,product_key,product_name,cheaper_mall,cheaper_price,target_mall_price,diff
2026-03-04,빙그레,B000,빙그레과자000,SSG,842,845,3
2026-03-04,빙그레,B001,빙그레과자001,G마켓,853,857,4
2026-03-04,빙그레,B002,빙그레과자002,네이버쇼핑,838,860,22
2026-03-04,빙그레,B004,빙그레과자004,네이버쇼핑,856,884,28
2026-03-04,빙그레,B006,빙그레과자006,SSG,888,907,19
2026-03-04,빙그레,B007,빙그레과자007,SSG,891,903,12
2026-03-04,빙그레,B010,빙그레과자010,SSG,909,925,16
2026-03-04,빙그레,B010,빙그레과자010,네이버쇼핑,909,925,16
2026-03-04,빙그레,B011,빙그레과자011,네이버쇼핑,895,933,38
2026-03-04,빙그레,B011,빙그레과자011,G마켓,931,933,2
2026-03-04,빙그레,B012,빙그레과자012,G마켓,930,962,32
2026-03-04,빙그레,B014,빙그레과자014,SSG,947,949,2
2026-03-04,빙그레,B014,빙그레과자014,G마켓,948,949,1
2026-03-04,빙그레,B015,빙그레과자015,네이버쇼핑,939,942,3
2026-03-04,빙그레,B016,빙그레과자016,네이버쇼핑,935,954,19
2026-03-04,빙그레,B017,빙그레과자017,G마켓,951,975,24
2026-03-04,빙그레,B018,빙그레과자018,G마켓,965,967,2
2026-03-04,빙그레,B020,빙그레과자020,G마켓,984,1013,29
2026-03-04,빙그레,B020,빙그레과자020,SSG,1003,1013,10
2026-03-04,빙그레,B020,빙그레과자020,네이버쇼핑,1006,1013,7
2026-03-04,빙그레,B021,빙그레과자021,G마켓,996,1027,31
2026-03-04,빙그레,B021,빙그레과자021,컬리,1016,1027,11
2026-03-04,빙그레,B022,빙그레과자022,네이버쇼핑,1016,1040,24
2026-03-04,빙그레,B022,빙그레과자022,SSG,1017,1040,23
2026-03-04,빙그레,B022,빙그레과자022,G마켓,1032,1040,8
2026-03-04,빙그레,B023,빙그레과자023,G마켓,992,1022,30
2026-03-04,빙그레,B023,빙그레과자023,네이버쇼핑,997,1022,25
2026-03-04,빙그레,B023,빙그레과자023,컬리,1020,1022,2
2026-03-04,빙그레,B024,빙그레과자024,G마켓,1001,1053,52
2026-03-04,빙그레,B024,빙그레과자024,네이버쇼핑,1019,1053,34
2026-03-04,빙그레,B024,빙그레과자024,컬리,1040,1053,13
2026-03-04,빙그레,B024,빙그레과자024,SSG,1041,1053,12
2026-03-04,빙그레,B025,빙그레과자025,네이버쇼핑,1011,1024,13
2026-03-04,빙그레,B026,빙그레과자026,네이버쇼핑,1008,1056,48
2026-03-04,빙그레,B026,빙그레과자026,G마켓,1025,1056,31
2026-03-04,빙그레,B027,빙그레과자027,네이버쇼핑,1022,1061,39
2026-03-04,빙그레,B027,빙그레과자027,SSG,1050,1061,11
2026-03-04,빙그레,B028,빙그레과자028,네이버쇼핑,1048,1064,16
2026-03-04,빙그레,B029,빙그레과자029,네이버쇼핑,1022,1050,28
2026-03-04,빙그레,B030,빙그레과자030,네이버쇼핑,1046,1087,41
2026-03-04,빙그레,B031,빙그레과자031,G마켓,1053,1076,23
2026-03-04,빙그레,B031,빙그레과자031,네이버쇼핑,1058,1076,18
2026-03-04,빙그레,B033,빙그레과자033,G마켓,1080,1119,39
2026-03-04,빙그레,B033,빙그레과자033,컬리,1112,1119,7
2026-03-04,빙그레,B033,빙그레과자033,네이버쇼핑,1114,1119,5
2026-03-04,빙그레,B038,빙그레과자038,G마켓,1103,1126,23
2026-03-04,빙그레,B038,빙그레과자038,네이버쇼핑,1121,1126,5
2026-03-04,빙그레,B039,빙그레과자039,G마켓,1127,1161,34
2026-03-04,빙그레,B039,빙그레과자039,SSG,1160,1161,1
2026-03-04,빙그레,B041,빙그레과자041,네이버쇼핑,1118,1144,26
2026-03-04,빙그레,B043,빙그레과자043,SSG,1145,1162,17
2026-03-04,빙그레,B044,빙그레과자044,SSG,1151,1165,14
2026-03-04,빙그레,B049,빙그레과자049,네이버쇼핑,823,847,24
2026-03-04,해태제과,H000,해태과자000,G마켓,838,868,30
2026-03-04,해태제과,H000,해태과자000,SSG,859,868,9
2026-03-04,해태제과,H000,해태과자000,네이버쇼핑,863,868,5
2026-03-04,해태제과,H001,해태과자001,G마켓,855,885,30
2026-03-04,해태제과,H001,해태과자001,컬리,875,885,10
2026-03-04,해태제과,H002,해태과자002,SSG,875,899,24
2026-03-04,해태제과,H002,해태과자002,네이버쇼핑,876,899,23
2026-03-04,해태제과,H002,해태과자002,G마켓,893,899,6
2026-03-04,해태제과,H003,해태과자003,G마켓,852,883,31
2026-03-04,해태제과,H003,해태과자003,네이버쇼핑,855,883,28
2026-03-04,해태제과,H003,해태과자003,컬리,880,883,3
2026-03-04,해태제과,H004,해태과자004,G마켓,863,913,50
2026-03-04,해태제과,H004,해태과자004,네이버쇼핑,878,913,35
2026-03-04,해태제과,H004,해태과자004,SSG,900,913,13
2026-03-04,해태제과,H004,해태과자004,컬리,901,913,12
2026-03-04,해태제과,H005,해태과자005,네이버쇼핑,870,883,13
2026-03-04,해태제과,H006,해태과자006,네이버쇼핑,868,914,46
2026-03-04,해태제과,H006,해태과자006,G마켓,884,914,30
2026-03-04,해태제과,H007,해태과자007,네이버쇼핑,878,914,36
2026-03-04,해태제과,H007,해태과자007,SSG,906,914,8
2026-03-04,해태제과,H008,해태과자008,네이버쇼핑,905,923,18
2026-03-04,해태제과,H009,해태과자009,네이버쇼핑,882,908,26
2026-03-04,해태제과,H010,해태과자010,네이버쇼핑,906,948,42
2026-03-04,해태제과,H011,해태과자011,G마켓,913,935,22
2026-03-04,해태제과,H011,해태과자011,네이버쇼핑,919,935,16
2026-03-04,해태제과,H013,해태과자013,G마켓,939,980,41
2026-03-04,해태제과,H013,해태과자013,네이버쇼핑,972,980,8
2026-03-04,해태제과,H013,해태과자013,컬리,973,980,7
2026-03-04,해태제과,H018,해태과자018,G마켓,964,984,20
2026-03-04,해태제과,H018,해태과자018,네이버쇼핑,980,984,4
2026-03-04,해태제과,H019,해태과자019,G마켓,988,1021,33
2026-03-04,해태제과,H019,해태과자019,SSG,1017,1021,4
2026-03-04,해태제과,H021,해태과자021,네이버쇼핑,974,1000,26
2026-03-04,해태제과,H023,해태과자023,SSG,1003,1022,19
2026-03-04,해태제과,H024,해태과자024,SSG,1011,1025,14
2026-03-04,해태제과,H027,해태과자027,네이버쇼핑,1028,1029,1
2026-03-04,해태제과,H029,해태과자029,네이버쇼핑,1034,1056,22
2026-03-04,해태제과,H031,해태과자031,SSG,1065,1071,6
2026-03-04,해태제과,H031,해태과자031,G마켓,1067,1071,4
2026-03-04,해태제과,H032,해태과자032,네이버쇼핑,1061,1062,1
2026-03-04,해태제과,H033,해태과자033,네이버쇼핑,1055,1076,21
2026-03-04,해태제과,H034,해태과자034,G마켓,1070,1095,25
2026-03-04,해태제과,H035,해태과자035,G마켓,1081,1083,2
2026-03-04,해태제과,H037,해태과자037,네이버쇼핑,1109,1135,26
2026-03-04,해태제과,H037,해태과자037,SSG,1113,1135,22
2026-03-04,해태제과,H038,해태과자038,네이버쇼핑,1084,1148,64
2026-03-04,해태제과,H038,해태과자038,SSG,1116,1148,32
2026-03-04,해태제과,H038,해태과자038,컬리,1139,1148,9
2026-03-04,해태제과,H038,해태과자038,G마켓,1143,1148,5
2026-03-04,해태제과,H039,해태과자039,네이버쇼핑,1111,1153,42
2026-03-04,해태제과,H039,해태과자039,G마켓,1143,1153,10
2026-03-04,해태제과,H040,해태과자040,G마켓,1111,1142,31
2026-03-04,해태제과,H040,해태과자040,네이버쇼핑,1116,1142,26
2026-03-04,해태제과,H040,해태과자040,컬리,1140,1142,2
2026-03-04,해태제과,H041,해태과자041,G마켓,1122,1171,49
2026-03-04,해태제과,H041,해태과자041,네이버쇼핑,1140,1171,31
2026-03-04,해태제과,H041,해태과자041,SSG,1160,1171,11
2026-03-04,해태제과,H041,해태과자041,컬리,1161,1171,10
2026-03-04,해태제과,H042,해태과자042,네이버쇼핑,1127,1140,13
2026-03-04,해태제과,H043,해태과자043,네이버쇼핑,1123,1171,48
2026-03-04,해태제과,H043,해태과자043,G마켓,1139,1171,32
2026-03-04,해태제과,H044,해태과자044,네이버쇼핑,1138,1174,36
2026-03-04,해태제과,H044,해태과자044,SSG,1165,1174,9
2026-03-04,해태제과,H045,해태과자045,네이버쇼핑,1165,1183,18
2026-03-04,해태제과,H046,해태과자046,네이버쇼핑,1142,1170,28
2026-03-04,해태제과,H047,해태과자047,네이버쇼핑,1158,1161,3
2026-03-04,해태제과,H048,해태과자048,네이버쇼핑,1174,1203,29
2026-03-04,해태제과,H049,해태과자049,네이버쇼핑,822,833,11
2026-03-04,롯데,L000,롯데과자000,G마켓,850,880,30
2026-03-04,롯데,L000,롯데과자000,컬리,868,880,12
2026-03-04,롯데,L001,롯데과자001,SSG,869,893,24
2026-03-04,롯데,L001,롯데과자001,네이버쇼핑,871,893,22
2026-03-04,롯데,L001,롯데과자001,G마켓,887,893,6
2026-03-04,롯데,L002,롯데과자002,G마켓,844,875,31
2026-03-04,롯데,L002,롯데과자002,네이버쇼핑,850,875,25
2026-03-04,롯데,L003,롯데과자003,G마켓,855,905,50
2026-03-04,롯데,L003,롯데과자003,네이버쇼핑,872,905,33
2026-03-04,롯데,L003,롯데과자003,컬리,894,905,11
2026-03-04,롯데,L003,롯데과자003,SSG,895,905,10
2026-03-04,롯데,L004,롯데과자004,네이버쇼핑,865,878,13
2026-03-04,롯데,L005,롯데과자005,네이버쇼핑,861,910,49
2026-03-04,롯데,L005,롯데과자005,G마켓,878,910,32
2026-03-04,롯데,L006,롯데과자006,네이버쇼핑,876,913,37
2026-03-04,롯데,L006,롯데과자006,SSG,905,913,8
2026-03-04,롯데,L007,롯데과자007,네이버쇼핑,900,917,17
2026-03-04,롯데,L008,롯데과자008,네이버쇼핑,878,904,26
2026-03-04,롯데,L009,롯데과자009,네이버쇼핑,892,893,1
2026-03-04,롯데,L010,롯데과자010,G마켓,907,929,22
2026-03-04,롯데,L010,롯데과자010,네이버쇼핑,912,929,17
2026-03-04,롯데,L012,롯데과자012,G마켓,932,973,41
2026-03-04,롯데,L012,롯데과자012,컬리,966,973,7
2026-03-04,롯데,L012,롯데과자012,네이버쇼핑,967,973,6
2026-03-04,롯데,L017,롯데과자017,G마켓,959,979,20
2026-03-04,롯데,L017,롯데과자017,네이버쇼핑,973,979,6
2026-03-04,롯데,L018,롯데과자018,G마켓,981,1014,33
2026-03-04,롯데,L018,롯데과자018,SSG,1013,1014,1
2026-03-04,롯데,L020,롯데과자020,네이버쇼핑,971,998,27
2026-03-04,롯데,L022,롯데과자022,SSG,997,1016,19
2026-03-04,롯데,L023,롯데과자023,SSG,1003,1018,15
2026-03-04,롯데,L026,롯데과자026,네이버쇼핑,1022,1024,2
2026-03-04,롯데,L028,롯데과자028,네이버쇼핑,1028,1050,22
2026-03-04,롯데,L029,롯데과자029,네이버쇼핑,1058,1061,3
2026-03-04,롯데,L030,롯데과자030,SSG,1060,1065,5
2026-03-04,롯데,L030,롯데과자030,G마켓,1061,1065,4
2026-03-04,롯데,L031,롯데과자031,네이버쇼핑,1053,1056,3
2026-03-04,롯데,L032,롯데과자032,네이버쇼핑,1047,1070,23
2026-03-04,롯데,L033,롯데과자033,G마켓,1065,1091,26
2026-03-04,롯데,L034,롯데과자034,G마켓,1080,1082,2
2026-03-04,롯데,L036,롯데과자036,네이버쇼핑,1102,1129,27
2026-03-04,롯데,L036,롯데과자036,SSG,1106,1129,23
2026-03-04,롯데,L037,롯데과자037,네이버쇼핑,1080,1140,60
2026-03-04,롯데,L037,롯데과자037,SSG,1109,1140,31
2026-03-04,롯데,L037,롯데과자037,컬리,1132,1140,8
2026-03-04,롯데,L037,롯데과자037,G마켓,1136,1140,4
2026-03-04,롯데,L038,롯데과자038,네이버쇼핑,1105,1147,42
2026-03-04,롯데,L038,롯데과자038,G마켓,1135,1147,12
2026-03-04,롯데,L039,롯데과자039,네이버쇼핑,1133,1134,1
2026-03-04,롯데,L040,롯데과자040,G마켓,1117,1167,50
2026-03-04,롯데,L040,롯데과자040,네이버쇼핑,1132,1167,35
2026-03-04,롯데,L040,롯데과자040,SSG,1154,1167,13
2026-03-04,롯데,L040,롯데과자040,컬리,1154,1167,13
2026-03-04,롯데,L041,롯데과자041,네이버쇼핑,1123,1136,13
2026-03-04,롯데,L042,롯데과자042,네이버쇼핑,1118,1165,47
2026-03-04,롯데,L042,롯데과자042,G마켓,1135,1165,30
2026-03-04,롯데,L043,롯데과자043,네이버쇼핑,1130,1170,40
2026-03-04,롯데,L043,롯데과자043,SSG,1160,1170,10
2026-03-04,롯데,L044,롯데과자044,네이버쇼핑,1160,1177,17
2026-03-04,롯데,L045,롯데과자045,네이버쇼핑,1138,1164,26
2026-03-04,롯데,L046,롯데과자046,네이버쇼핑,1154,1155,1
2026-03-04,롯데,L047,롯데과자047,네이버쇼핑,1169,1200,31
2026-03-04,롯데,L048,롯데과자048,네이버쇼핑,1170,1180,10
2026-03-04,농심,N001,농심과자001,네이버쇼핑,835,860,25
2026-03-04,농심,N003,농심과자003,SSG,863,883,20
2026-03-04,농심,N004,농심과자004,SSG,872,886,14
2026-03-04,농심,N007,농심과자007,네이버쇼핑,884,885,1
2026-03-04,농심,N009,농심과자009,네이버쇼핑,894,918,24
2026-03-04,농심,N011,농심과자011,G마켓,926,931,5
2026-03-04,농심,N011,농심과자011,SSG,928,931,3
2026-03-04,농심,N012,농심과자012,네이버쇼핑,920,924,4
2026-03-04,농심,N013,농심과자013,네이버쇼핑,915,936,21
2026-03-04,농심,N014,농심과자014,G마켓,927,952,25
2026-03-04,농심,N015,농심과자015,G마켓,943,944,1
2026-03-04,농심,N017,농심과자017,네이버쇼핑,968,997,29
2026-03-04,농심,N017,농심과자017,SSG,974,997,23
2026-03-04,농심,N018,농심과자018,네이버쇼핑,947,1008,61
2026-03-04,농심,N018,농심과자018,SSG,976,1008,32
2026-03-04,농심,N018,농심과자018,컬리,1000,1008,8
2026-03-04,농심,N018,농심과자018,G마켓,1005,1008,3
2026-03-04,농심,N019,농심과자019,네이버쇼핑,973,1014,41
2026-03-04,농심,N019,농심과자019,G마켓,1004,1014,10
2026-03-04,농심,N020,농심과자020,G마켓,972,1003,31
2026-03-04,농심,N020,농심과자020,네이버쇼핑,979,1003,24
2026-03-04,농심,N020,농심과자020,컬리,1000,1003,3
2026-03-04,농심,N021,농심과자021,G마켓,978,1029,51
2026-03-04,농심,N021,농심과자021,네이버쇼핑,997,1029,32
2026-03-04,농심,N021,농심과자021,컬리,1016,1029,13
2026-03-04,농심,N021,농심과자021,SSG,1017,1029,12
2026-03-04,농심,N022,농심과자022,네이버쇼핑,987,1001,14
2026-03-04,농심,N023,농심과자023,네이버쇼핑,983,1033,50
2026-03-04,농심,N023,농심과자023,G마켓,1000,1033,33
2026-03-04,농심,N024,농심과자024,네이버쇼핑,999,1036,37
2026-03-04,농심,N024,농심과자024,SSG,1028,1036,8
2026-03-04,농심,N025,농심과자025,네이버쇼핑,1029,1046,17
2026-03-04,농심,N026,농심과자026,네이버쇼핑,1003,1029,26
2026-03-04,농심,N027,농심과자027,네이버쇼핑,1019,1020,1
2026-03-04,농심,N028,농심과자028,네이버쇼핑,1030,1060,30
2026-03-04,농심,N029,농심과자029,네이버쇼핑,1033,1042,9
2026-03-04,농심,N030,농심과자030,G마켓,1057,1097,40
2026-03-04,농심,N030,농심과자030,컬리,1089,1097,8
2026-03-04,농심,N030,농심과자030,네이버쇼핑,1090,1097,7
2026-03-04,농심,N035,농심과자035,G마켓,1081,1102,21
2026-03-04,농심,N035,농심과자035,네이버쇼핑,1096,1102,6
2026-03-04,농심,N036,농심과자036,G마켓,1106,1137,31
2026-03-04,농심,N036,농심과자036,SSG,1134,1137,3
2026-03-04,농심,N039,농심과자039,네이버쇼핑,1118,1147,29
2026-03-04,농심,N040,농심과자040,SSG,1124,1141,17
2026-03-04,농심,N041,농심과자041,SSG,1132,1146,14
2026-03-04,농심,N044,농심과자044,네이버쇼핑,1144,1145,1
2026-03-04,농심,N046,농심과자046,네이버쇼핑,1156,1178,22
2026-03-04,농심,N047,농심과자047,네이버쇼핑,1186,1188,2
2026-03-04,농심,N048,농심과자048,네이버쇼핑,1159,1200,41
2026-03-04,농심,N049,농심과자049,네이버쇼핑,806,846,40
2026-03-04,오리온,O000,오리온과자000,G마켓,834,856,22
2026-03-04,오리온,O000,오리온과자000,네이버쇼핑,838,856,18
2026-03-04,오리온,O002,오리온과자002,G마켓,860,898,38
2026-03-04,오리온,O002,오리온과자002,네이버쇼핑,893,898,5
2026-03-04,오리온,O002,오리온과자002,컬리,893,898,5
2026-03-04,오리온,O007,오리온과자007,G마켓,883,904,21
2026-03-04,오리온,O007,오리온과자007,네이버쇼핑,898,904,6
2026-03-04,오리온,O008,오리온과자008,G마켓,908,940,32
2026-03-04,오리온,O008,오리온과자008,SSG,939,940,1
2026-03-04,오리온,O010,오리온과자010,네이버쇼핑,898,924,26
2026-03-04,오리온,O012,오리온과자012,SSG,927,944,17
2026-03-04,오리온,O013,오리온과자013,SSG,934,948,14
2026-03-04,오리온,O018,오리온과자018,네이버쇼핑,956,981,25
2026-03-04,오리온,O019,오리온과자019,네이버쇼핑,988,991,3
2026-03-04,오리온,O020,오리온과자020,SSG,989,993,4
2026-03-04,오리온,O020,오리온과자020,G마켓,991,993,2
2026-03-04,오리온,O021,오리온과자021,네이버쇼핑,979,982,3
2026-03-04,오리온,O022,오리온과자022,네이버쇼핑,974,996,22
2026-03-04,오리온,O023,오리온과자023,G마켓,992,1014,22
2026-03-04,오리온,O024,오리온과자024,G마켓,1005,1007,2
2026-03-04,오리온,O026,오리온과자026,네이버쇼핑,1032,1059,27
2026-03-04,오리온,O026,오리온과자026,SSG,1036,1059,23
2026-03-04,오리온,O027,오리온과자027,네이버쇼핑,1009,1072,63
2026-03-04,오리온,O027,오리온과자027,SSG,1038,1072,34
2026-03-04,오리온,O027,오리온과자027,컬리,1063,1072,9
2026-03-04,오리온,O027,오리온과자027,G마켓,1066,1072,6
2026-03-04,오리온,O028,오리온과자028,네이버쇼핑,1032,1074,42
2026-03-04,오리온,O028,오리온과자028,G마켓,1061,1074,13
2026-03-04,오리온,O029,오리온과자029,네이버쇼핑,1057,1060,3
2026-03-04,오리온,O030,오리온과자030,G마켓,1041,1091,50
2026-03-04,오리온,O030,오리온과자030,네이버쇼핑,1059,1091,32
2026-03-04,오리온,O030,오리온과자030,SSG,1080,1091,11
2026-03-04,오리온,O030,오리온과자030,컬리,1080,1091,11
2026-03-04,오리온,O031,오리온과자031,네이버쇼핑,1051,1063,12
2026-03-04,오리온,O032,오리온과자032,네이버쇼핑,1048,1096,48
2026-03-04,오리온,O032,오리온과자032,G마켓,1064,1096,32
2026-03-04,오리온,O033,오리온과자033,네이버쇼핑,1061,1098,37
2026-03-04,오리온,O033,오리온과자033,SSG,1090,1098,8
2026-03-04,오리온,O034,오리온과자034,네이버쇼핑,1092,1109,17
2026-03-04,오리온,O035,오리온과자035,네이버쇼핑,1062,1088,26
2026-03-04,오리온,O036,오리온과자036,네이버쇼핑,1080,1081,1
2026-03-04,오리온,O037,오리온과자037,네이버쇼핑,1094,1125,31
2026-03-04,오리온,O038,오리온과자038,네이버쇼핑,1095,1106,11
2026-03-04,오리온,O044,오리온과자044,G마켓,1144,1166,22
2026-03-04,오리온,O044,오리온과자044,네이버쇼핑,1160,1166,6
2026-03-04,오리온,O045,오리온과자045,G마켓,1168,1201,33
2026-03-04,오리온,O045,오리온과자045,SSG,1197,1201,4
2026-03-04,오리온,O048,오리온과자048,네이버쇼핑,1181,1211,30
2026-03-04,오리온,O049,오리온과자049,네이버쇼핑,836,877,41
2026-03-04,오리온,O049,오리온과자049,컬리,848,877,29
2026-03-04,오리온,O049,오리온과자049,SSG,849,877,28
2026-03-04,오리온,O049,오리온과자049,G마켓,872,877,5
2026-03-05,빙그레,B000,빙그레과자000,SSG,845,848,3
2026-03-05,빙그레,B001,빙그레과자001,G마켓,857,859,2
2026-03-05,빙그레,B002,빙그레과자002,네이버쇼핑,840,863,23
2026-03-05,빙그레,B004,빙그레과자004,네이버쇼핑,861,886,25
2026-03-05,빙그레,B006,빙그레과자006,SSG,890,909,19
2026-03-05,빙그레,B007,빙그레과자007,SSG,894,906,12
2026-03-05,빙그레,B010,빙그레과자010,SSG,912,928,16
2026-03-05,빙그레,B010,빙그레과자010,네이버쇼핑,913,928,15
2026-03-05,빙그레,B011,빙그레과자011,네이버쇼핑,898,936,38
2026-03-05,빙그레,B011,빙그레과자011,G마켓,935,936,1
2026-03-05,빙그레,B012,빙그레과자012,G마켓,933,966,33
2026-03-05,빙그레,B014,빙그레과자014,G마켓,948,952,4
2026-03-05,빙그레,B014,빙그레과자014,SSG,949,952,3
2026-03-05,빙그레,B015,빙그레과자015,네이버쇼핑,942,946,4
2026-03-05,빙그레,B016,빙그레과자016,네이버쇼핑,936,958,22
2026-03-05,빙그레,B017,빙그레과자017,G마켓,954,978,24
2026-03-05,빙그레,B018,빙그레과자018,G마켓,969,970,1
2026-03-05,빙그레,B020,빙그레과자020,G마켓,988,1017,29
2026-03-05,빙그레,B020,빙그레과자020,SSG,1008,1017,9
2026-03-05,빙그레,B020,빙그레과자020,네이버쇼핑,1009,1017,8
2026-03-05,빙그레,B021,빙그레과자021,G마켓,999,1030,31
2026-03-05,빙그레,B021,빙그레과자021,컬리,1019,1030,11
2026-03-05,빙그레,B022,빙그레과자022,SSG,1018,1041,23
2026-03-05,빙그레,B022,빙그레과자022,네이버쇼핑,1019,1041,22
2026-03-05,빙그레,B022,빙그레과자022,G마켓,1037,1041,4
2026-03-05,빙그레,B023,빙그레과자023,G마켓,996,1024,28
2026-03-05,빙그레,B023,빙그레과자023,네이버쇼핑,998,1024,26
2026-03-05,빙그레,B024,빙그레과자024,G마켓,1005,1057,52
2026-03-05,빙그레,B024,빙그레과자024,네이버쇼핑,1022,1057,35
2026-03-05,빙그레,B024,빙그레과자024,SSG,1042,1057,15
2026-03-05,빙그레,B024,빙그레과자024,컬리,1044,1057,13
2026-03-05,빙그레,B025,빙그레과자025,네이버쇼핑,1014,1026,12
2026-03-05,빙그레,B026,빙그레과자026,네이버쇼핑,1011,1060,49
2026-03-05,빙그레,B026,빙그레과자026,G마켓,1027,1060,33
2026-03-05,빙그레,B027,빙그레과자027,네이버쇼핑,1025,1063,38
2026-03-05,빙그레,B027,빙그레과자027,SSG,1054,1063,9
2026-03-05,빙그레,B028,빙그레과자028,네이버쇼핑,1050,1068,18
2026-03-05,빙그레,B029,빙그레과자029,네이버쇼핑,1025,1051,26
2026-03-05,빙그레,B030,빙그레과자030,네이버쇼핑,1048,1091,43
2026-03-05,빙그레,B031,빙그레과자031,G마켓,1056,1079,23
2026-03-05,빙그레,B031,빙그레과자031,네이버쇼핑,1061,1079,18
2026-03-05,빙그레,B033,빙그레과자033,G마켓,1083,1124,41
2026-03-05,빙그레,B033,빙그레과자033,네이버쇼핑,1117,1124,7
2026-03-05,빙그레,B033,빙그레과자033,컬리,1117,1124,7
2026-03-05,빙그레,B038,빙그레과자038,G마켓,1106,1129,23
2026-03-05,빙그레,B038,빙그레과자038,네이버쇼핑,1121,1129,8
2026-03-05,빙그레,B039,빙그레과자039,G마켓,1132,1164,32
2026-03-05,빙그레,B039,빙그레과자039,SSG,1161,1164,3
2026-03-05,빙그레,B041,빙그레과자041,네이버쇼핑,1121,1148,27
2026-03-05,빙그레,B043,빙그레과자043,SSG,1147,1163,16
2026-03-05,빙그레,B044,빙그레과자044,SSG,1154,1168,14
2026-03-05,빙그레,B049,빙그레과자049,네이버쇼핑,825,850,25
2026-03-05,해태제과,H000,해태과자000,G마켓,841,871,30
2026-03-05,해태제과,H000,해태과자000,SSG,860,871,11
2026-03-05,해태제과,H000,해태과자000,네이버쇼핑,866,871,5
2026-03-05,해태제과,H001,해태과자001,G마켓,858,890,32
2026-03-05,해태제과,H001,해태과자001,컬리,878,890,12
2026-03-05,해태제과,H002,해태과자002,SSG,877,900,23
2026-03-05,해태제과,H002,해태과자002,네이버쇼핑,877,900,23
2026-03-05,해태제과,H002,해태과자002,G마켓,895,900,5
2026-03-05,해태제과,H003,해태과자003,G마켓,855,885,30
2026-03-05,해태제과,H003,해태과자003,네이버쇼핑,859,885,26
2026-03-05,해태제과,H003,해태과자003,컬리,882,885,3
2026-03-05,해태제과,H004,해태과자004,G마켓,864,915,51
2026-03-05,해태제과,H004,해태과자004,네이버쇼핑,880,915,35
2026-03-05,해태제과,H004,해태과자004,SSG,901,915,14
2026-03-05,해태제과,H004,해태과자004,컬리,904,915,11
2026-03-05,해태제과,H005,해태과자005,네이버쇼핑,873,885,12
2026-03-05,해태제과,H006,해태과자006,네이버쇼핑,870,918,48
2026-03-05,해태제과,H006,해태과자006,G마켓,886,918,32
2026-03-05,해태제과,H007,해태과자007,네이버쇼핑,880,916,36
2026-03-05,해태제과,H007,해태과자007,SSG,908,916,8
2026-03-05,해태제과,H008,해태과자008,네이버쇼핑,908,925,17
2026-03-05,해태제과,H009,해태과자009,네이버쇼핑,886,912,26
2026-03-05,해태제과,H010,해태과자010,네이버쇼핑,909,949,40
2026-03-05,해태제과,H011,해태과자011,G마켓,917,939,22
2026-03-05,해태제과,H011,해태과자011,네이버쇼핑,920,939,19
2026-03-05,해태제과,H013,해태과자013,G마켓,941,983,42
2026-03-05,해태제과,H013,해태과자013,네이버쇼핑,976,983,7
2026-03-05,해태제과,H013,해태과자013,컬리,976,983,7
2026-03-05,해태제과,H018,해태과자018,G마켓,967,989,22
2026-03-05,해태제과,H018,해태과자018,네이버쇼핑,982,989,7
2026-03-05,해태제과,H019,해태과자019,G마켓,989,1022,33
2026-03-05,해태제과,H021,해태과자021,네이버쇼핑,975,1002,27
2026-03-05,해태제과,H023,해태과자023,SSG,1007,1024,17
2026-03-05,해태제과,H024,해태과자024,SSG,1014,1026,12
2026-03-05,해태제과,H029,해태과자029,네이버쇼핑,1035,1060,25
2026-03-05,해태제과,H031,해태과자031,SSG,1068,1073,5
2026-03-05,해태제과,H031,해태과자031,G마켓,1069,1073,4
2026-03-05,해태제과,H033,해태과자033,네이버쇼핑,1057,1078,21
2026-03-05,해태제과,H034,해태과자034,G마켓,1075,1099,24
2026-03-05,해태제과,H035,해태과자035,G마켓,1083,1086,3
2026-03-05,해태제과,H037,해태과자037,네이버쇼핑,1111,1138,27
2026-03-05,해태제과,H037,해태과자037,SSG,1114,1138,24
2026-03-05,해태제과,H038,해태과자038,네이버쇼핑,1088,1150,62
2026-03-05,해태제과,H038,해태과자038,SSG,1118,1150,32
2026-03-05,해태제과,H038,해태과자038,컬리,1143,1150,7
2026-03-05,해태제과,H038,해태과자038,G마켓,1147,1150,3
2026-03-05,해태제과,H039,해태과자039,네이버쇼핑,1114,1156,42
2026-03-05,해태제과,H039,해태과자039,G마켓,1146,1156,10
2026-03-05,해태제과,H040,해태과자040,G마켓,1114,1145,31
2026-03-05,해태제과,H040,해태과자040,네이버쇼핑,1118,1145,27
2026-03-05,해태제과,H040,해태과자040,컬리,1143,1145,2
2026-03-05,해태제과,H041,해태과자041,G마켓,1125,1175,50
2026-03-05,해태제과,H041,해태과자041,네이버쇼핑,1143,1175,32
2026-03-05,해태제과,H041,해태과자041,SSG,1163,1175,12
2026-03-05,해태제과,H041,해태과자041,컬리,1163,1175,12
2026-03-05,해태제과,H042,해태과자042,네이버쇼핑,1127,1140,13
2026-03-05,해태제과,H043,해태과자043,네이버쇼핑,1126,1173,47
2026-03-05,해태제과,H043,해태과자043,G마켓,1142,1173,31
2026-03-05,해태제과,H044,해태과자044,네이버쇼핑,1140,1178,38
2026-03-05,해태제과,H044,해태과자044,SSG,1169,1178,9
2026-03-05,해태제과,H045,해태과자045,네이버쇼핑,1169,1187,18
2026-03-05,해태제과,H046,해태과자046,네이버쇼핑,1146,1171,25
2026-03-05,해태제과,H047,해태과자047,네이버쇼핑,1162,1164,2
2026-03-05,해태제과,H048,해태과자048,네이버쇼핑,1178,1206,28
2026-03-05,해태제과,H049,해태과자049,네이버쇼핑,822,833,11
2026-03-05,롯데,L000,롯데과자000,G마켓,853,882,29
2026-03-05,롯데,L000,롯데과자000,컬리,872,882,10
2026-03-05,롯데,L001,롯데과자001,SSG,871,897,26
2026-03-05,롯데,L001,롯데과자001,네이버쇼핑,872,897,25
2026-03-05,롯데,L001,롯데과자001,G마켓,890,897,7
2026-03-05,롯데,L002,롯데과자002,G마켓,849,878,29
2026-03-05,롯데,L002,롯데과자002,네이버쇼핑,853,878,25
2026-03-05,롯데,L002,롯데과자002,컬리,877,878,1
2026-03-05,롯데,L003,롯데과자003,G마켓,860,908,48
2026-03-05,롯데,L003,롯데과자003,네이버쇼핑,875,908,33
2026-03-05,롯데,L003,롯데과자003,컬리,896,908,12
2026-03-05,롯데,L003,롯데과자003,SSG,898,908,10
2026-03-05,롯데,L004,롯데과자004,네이버쇼핑,867,880,13
2026-03-05,롯데,L005,롯데과자005,네이버쇼핑,863,913,50
2026-03-05,롯데,L005,롯데과자005,G마켓,882,913,31
2026-03-05,롯데,L006,롯데과자006,네이버쇼핑,878,917,39
2026-03-05,롯데,L006,롯데과자006,SSG,908,917,9
2026-03-05,롯데,L007,롯데과자007,네이버쇼핑,902,919,17
2026-03-05,롯데,L008,롯데과자008,네이버쇼핑,880,905,25
2026-03-05,롯데,L009,롯데과자009,네이버쇼핑,894,898,4
2026-03-05,롯데,L010,롯데과자010,G마켓,911,933,22
2026-03-05,롯데,L010,롯데과자010,네이버쇼핑,914,933,19
2026-03-05,롯데,L012,롯데과자012,G마켓,937,976,39
2026-03-05,롯데,L012,롯데과자012,네이버쇼핑,969,976,7
2026-03-05,롯데,L012,롯데과자012,컬리,970,976,6
2026-03-05,롯데,L017,롯데과자017,G마켓,961,982,21
2026-03-05,롯데,L017,롯데과자017,네이버쇼핑,977,982,5
2026-03-05,롯데,L018,롯데과자018,G마켓,984,1017,33
2026-03-05,롯데,L018,롯데과자018,SSG,1014,1017,3
2026-03-05,롯데,L020,롯데과자020,네이버쇼핑,975,1002,27
2026-03-05,롯데,L022,롯데과자022,SSG,999,1019,20
2026-03-05,롯데,L023,롯데과자023,SSG,1008,1020,12
2026-03-05,롯데,L028,롯데과자028,네이버쇼핑,1029,1054,25
2026-03-05,롯데,L029,롯데과자029,네이버쇼핑,1062,1064,2
2026-03-05,롯데,L030,롯데과자030,SSG,1062,1067,5
2026-03-05,롯데,L030,롯데과자030,G마켓,1064,1067,3
2026-03-05,롯데,L031,롯데과자031,네이버쇼핑,1058,1060,2
2026-03-05,롯데,L032,롯데과자032,네이버쇼핑,1051,1072,21
2026-03-05,롯데,L033,롯데과자033,G마켓,1067,1094,27
2026-03-05,롯데,L034,롯데과자034,G마켓,1083,1084,1
2026-03-05,롯데,L036,롯데과자036,네이버쇼핑,1104,1134,30
2026-03-05,롯데,L036,롯데과자036,SSG,1110,1134,24
2026-03-05,롯데,L037,롯데과자037,네이버쇼핑,1083,1144,61
2026-03-05,롯데,L037,롯데과자037,SSG,1113,1144,31
2026-03-05,롯데,L037,롯데과자037,컬리,1135,1144,9
2026-03-05,롯데,L037,롯데과자037,G마켓,1139,1144,5
2026-03-05,롯데,L038,롯데과자038,네이버쇼핑,1108,1151,43
2026-03-05,롯데,L038,롯데과자038,G마켓,1140,1151,11
2026-03-05,롯데,L039,롯데과자039,네이버쇼핑,1134,1136,2
2026-03-05,롯데,L040,롯데과자040,G마켓,1120,1171,51
2026-03-05,롯데,L040,롯데과자040,네이버쇼핑,1136,1171,35
2026-03-05,롯데,L040,롯데과자040,SSG,1158,1171,13
2026-03-05,롯데,L040,롯데과자040,컬리,1158,1171,13
2026-03-05,롯데,L041,롯데과자041,네이버쇼핑,1127,1139,12
2026-03-05,롯데,L042,롯데과자042,네이버쇼핑,1120,1167,47
2026-03-05,롯데,L042,롯데과자042,G마켓,1138,1167,29
2026-03-05,롯데,L043,롯데과자043,네이버쇼핑,1134,1171,37
2026-03-05,롯데,L043,롯데과자043,SSG,1162,1171,9
2026-03-05,롯데,L044,롯데과자044,네이버쇼핑,1164,1182,18
2026-03-05,롯데,L045,롯데과자045,네이버쇼핑,1140,1165,25
2026-03-05,롯데,L047,롯데과자047,네이버쇼핑,1171,1201,30
2026-03-05,롯데,L048,롯데과자048,네이버쇼핑,1172,1184,12
2026-03-05,농심,N001,농심과자001,네이버쇼핑,835,864,29
2026-03-05,농심,N003,농심과자003,SSG,868,885,17
2026-03-05,농심,N004,농심과자004,SSG,875,889,14
2026-03-05,농심,N007,농심과자007,네이버쇼핑,886,888,2
2026-03-05,농심,N009,농심과자009,네이버쇼핑,897,920,23
2026-03-05,농심,N011,농심과자011,G마켓,929,934,5
2026-03-05,농심,N011,농심과자011,SSG,930,934,4
2026-03-05,농심,N012,농심과자012,네이버쇼핑,925,927,2
2026-03-05,농심,N013,농심과자013,네이버쇼핑,919,940,21
2026-03-05,농심,N014,농심과자014,G마켓,930,956,26
2026-03-05,농심,N015,농심과자015,G마켓,945,948,3
2026-03-05,농심,N017,농심과자017,네이버쇼핑,972,999,27
2026-03-05,농심,N017,농심과자017,SSG,976,999,23
2026-03-05,농심,N018,농심과자018,네이버쇼핑,950,1011,61
2026-03-05,농심,N018,농심과자018,SSG,979,1011,32
2026-03-05,농심,N018,농심과자018,컬리,1004,1011,7
2026-03-05,농심,N018,농심과자018,G마켓,1006,1011,5
2026-03-05,농심,N019,농심과자019,네이버쇼핑,976,1018,42
2026-03-05,농심,N019,농심과자019,G마켓,1005,1018,13
2026-03-05,농심,N020,농심과자020,G마켓,975,1007,32
2026-03-05,농심,N020,농심과자020,네이버쇼핑,981,1007,26
2026-03-05,농심,N020,농심과자020,컬리,1004,1007,3
2026-03-05,농심,N021,농심과자021,G마켓,980,1033,53
2026-03-05,농심,N021,농심과자021,네이버쇼핑,999,1033,34
2026-03-05,농심,N021,농심과자021,컬리,1019,1033,14
2026-03-05,농심,N021,농심과자021,SSG,1020,1033,13
2026-03-05,농심,N022,농심과자022,네이버쇼핑,988,1002,14
2026-03-05,농심,N023,농심과자023,네이버쇼핑,986,1035,49
2026-03-05,농심,N023,농심과자023,G마켓,1004,1035,31
2026-03-05,농심,N024,농심과자024,네이버쇼핑,1002,1038,36
2026-03-05,농심,N024,농심과자024,SSG,1030,1038,8
2026-03-05,농심,N025,농심과자025,네이버쇼핑,1029,1047,18
2026-03-05,농심,N026,농심과자026,네이버쇼핑,1006,1032,26
2026-03-05,농심,N028,농심과자028,네이버쇼핑,1034,1065,31
2026-03-05,농심,N029,농심과자029,네이버쇼핑,1035,1046,11
2026-03-05,농심,N030,농심과자030,G마켓,1058,1099,41
2026-03-05,농심,N030,농심과자030,네이버쇼핑,1093,1099,6
2026-03-05,농심,N030,농심과자030,컬리,1094,1099,5
2026-03-05,농심,N035,농심과자035,G마켓,1084,1105,21
2026-03-05,농심,N035,농심과자035,네이버쇼핑,1098,1105,7
2026-03-05,농심,N036,농심과자036,G마켓,1106,1140,34
2026-03-05,농심,N036,농심과자036,SSG,1138,1140,2
2026-03-05,농심,N039,농심과자039,네이버쇼핑,1121,1149,28
2026-03-05,농심,N040,농심과자040,SSG,1127,1146,19
2026-03-05,농심,N041,농심과자041,SSG,1135,1148,13
2026-03-05,농심,N046,농심과자046,네이버쇼핑,1158,1181,23
2026-03-05,농심,N047,농심과자047,네이버쇼핑,1188,1190,2
2026-03-05,농심,N048,농심과자048,네이버쇼핑,1160,1203,43
2026-03-05,농심,N049,농심과자049,네이버쇼핑,809,851,42
2026-03-05,오리온,O000,오리온과자000,G마켓,834,858,24
2026-03-05,오리온,O000,오리온과자000,네이버쇼핑,840,858,18
2026-03-05,오리온,O002,오리온과자002,G마켓,862,901,39
2026-03-05,오리온,O002,오리온과자002,네이버쇼핑,895,901,6
2026-03-05,오리온,O002,오리온과자002,컬리,896,901,5
2026-03-05,오리온,O007,오리온과자007,G마켓,885,908,23
2026-03-05,오리온,O007,오리온과자007,네이버쇼핑,901,908,7
2026-03-05,오리온,O008,오리온과자008,G마켓,911,942,31
2026-03-05,오리온,O010,오리온과자010,네이버쇼핑,900,926,26
2026-03-05,오리온,O012,오리온과자012,SSG,929,948,19
2026-03-05,오리온,O013,오리온과자013,SSG,937,950,13
2026-03-05,오리온,O016,오리온과자016,네이버쇼핑,949,951,2
2026-03-05,오리온,O018,오리온과자018,네이버쇼핑,959,982,23
2026-03-05,오리온,O019,오리온과자019,네이버쇼핑,992,994,2
2026-03-05,오리온,O020,오리온과자020,SSG,992,998,6
2026-03-05,오리온,O020,오리온과자020,G마켓,993,998,5
2026-03-05,오리온,O021,오리온과자021,네이버쇼핑,981,983,2
2026-03-05,오리온,O022,오리온과자022,네이버쇼핑,977,996,19
2026-03-05,오리온,O023,오리온과자023,G마켓,992,1019,27
2026-03-05,오리온,O024,오리온과자024,G마켓,1006,1010,4
2026-03-05,오리온,O026,오리온과자026,네이버쇼핑,1034,1063,29
2026-03-05,오리온,O026,오리온과자026,SSG,1039,1063,24
2026-03-05,오리온,O027,오리온과자027,네이버쇼핑,1013,1073,60
2026-03-05,오리온,O027,오리온과자027,SSG,1041,1073,32
2026-03-05,오리온,O027,오리온과자027,컬리,1066,1073,7
2026-03-05,오리온,O027,오리온과자027,G마켓,1071,1073,2
2026-03-05,오리온,O028,오리온과자028,네이버쇼핑,1032,1076,44
2026-03-05,오리온,O028,오리온과자028,G마켓,1064,1076,12
2026-03-05,오리온,O029,오리온과자029,네이버쇼핑,1060,1061,1
2026-03-05,오리온,O030,오리온과자030,G마켓,1044,1095,51
2026-03-05,오리온,O030,오리온과자030,네이버쇼핑,1060,1095,35
2026-03-05,오리온,O030,오리온과자030,SSG,1081,1095,14
2026-03-05,오리온,O030,오리온과자030,컬리,1082,1095,13
2026-03-05,오리온,O031,오리온과자031,네이버쇼핑,1053,1064,11
2026-03-05,오리온,O032,오리온과자032,네이버쇼핑,1050,1098,48
2026-03-05,오리온,O032,오리온과자032,G마켓,1068,1098,30
2026-03-05,오리온,O033,오리온과자033,네이버쇼핑,1062,1103,41
2026-03-05,오리온,O033,오리온과자033,SSG,1094,1103,9
2026-03-05,오리온,O034,오리온과자034,네이버쇼핑,1093,1110,17
2026-03-05,오리온,O035,오리온과자035,네이버쇼핑,1065,1092,27
2026-03-05,오리온,O036,오리온과자036,네이버쇼핑,1080,1081,1
2026-03-05,오리온,O037,오리온과자037,네이버쇼핑,1095,1128,33
2026-03-05,오리온,O038,오리온과자038,네이버쇼핑,1097,1110,13
2026-03-05,오리온,O044,오리온과자044,G마켓,1146,1168,22
2026-03-05,오리온,O044,오리온과자044,네이버쇼핑,1161,1168,7
2026-03-05,오리온,O045,오리온과자045,G마켓,1169,1204,35
2026-03-05,오리온,O045,오리온과자045,SSG,1201,1204,3
2026-03-05,오리온,O048,오리온과자048,네이버쇼핑,1184,1214,30
2026-03-05,오리온,O049,오리온과자049,네이버쇼핑,839,880,41
2026-03-05,오리온,O049,오리온과자049,컬리,848,880,32
2026-03-05,오리온,O049,오리온과자049,SSG,852,880,28
2026-03-05,오리온,O049,오리온과자049,G마켓,872,880,8
2026-03-06,빙그레,B000,빙그레과자000,SSG,848,850,2
2026-03-06,빙그레,B001,빙그레과자001,G마켓,859,863,4
2026-03-06,빙그레,B002,빙그레과자002,네이버쇼핑,842,867,25
2026-03-06,빙그레,B004,빙그레과자004,네이버쇼핑,864,889,25
2026-03-06,빙그레,B006,빙그레과자006,SSG,893,911,18
2026-03-06,빙그레,B007,빙그레과자007,SSG,897,908,11
2026-03-06,빙그레,B010,빙그레과자010,SSG,915,931,16
2026-03-06,빙그레,B010,빙그레과자010,네이버쇼핑,916,931,15
2026-03-06,빙그레,B011,빙그레과자011,네이버쇼핑,902,941,39
2026-03-06,빙그레,B011,빙그레과자011,G마켓,937,941,4
2026-03-06,빙그레,B012,빙그레과자012,G마켓,935,969,34
2026-03-06,빙그레,B012,빙그레과자012,네이버쇼핑,967,969,2
2026-03-06,빙그레,B014,빙그레과자014,G마켓,953,954,1
2026-03-06,빙그레,B014,빙그레과자014,SSG,953,954,1
2026-03-06,빙그레,B015,빙그레과자015,네이버쇼핑,945,947,2
2026-03-06,빙그레,B016,빙그레과자016,네이버쇼핑,939,960,21
2026-03-06,빙그레,B017,빙그레과자017,G마켓,956,980,24
2026-03-06,빙그레,B018,빙그레과자018,G마켓,970,974,4
2026-03-06,빙그레,B020,빙그레과자020,G마켓,991,1020,29
2026-03-06,빙그레,B020,빙그레과자020,SSG,1009,1020,11
2026-03-06,빙그레,B020,빙그레과자020,네이버쇼핑,1013,1020,7
2026-03-06,빙그레,B021,빙그레과자021,G마켓,1002,1033,31
2026-03-06,빙그레,B021,빙그레과자021,컬리,1020,1033,13
2026-03-06,빙그레,B022,빙그레과자022,SSG,1020,1045,25
2026-03-06,빙그레,B022,빙그레과자022,네이버쇼핑,1020,1045,25
2026-03-06,빙그레,B022,빙그레과자022,G마켓,1039,1045,6
2026-03-06,빙그레,B023,빙그레과자023,G마켓,996,1029,33
2026-03-06,빙그레,B023,빙그레과자023,네이버쇼핑,1001,1029,28
2026-03-06,빙그레,B023,빙그레과자023,컬리,1027,1029,2
2026-03-06,빙그레,B024,빙그레과자024,G마켓,1007,1059,52
2026-03-06,빙그레,B024,빙그레과자024,네이버쇼핑,1026,1059,33
2026-03-06,빙그레,B024,빙그레과자024,SSG,1046,1059,13
2026-03-06,빙그레,B024,빙그레과자024,컬리,1047,1059,12
2026-03-06,빙그레,B025,빙그레과자025,네이버쇼핑,1017,1030,13
2026-03-06,빙그레,B026,빙그레과자026,네이버쇼핑,1012,1061,49
2026-03-06,빙그레,B026,빙그레과자026,G마켓,1030,1061,31
2026-03-06,빙그레,B027,빙그레과자027,네이버쇼핑,1026,1066,40
2026-03-06,빙그레,B027,빙그레과자027,SSG,1056,1066,10
2026-03-06,빙그레,B028,빙그레과자028,네이버쇼핑,1052,1069,17
2026-03-06,빙그레,B029,빙그레과자029,네이버쇼핑,1028,1056,28
2026-03-06,빙그레,B030,빙그레과자030,네이버쇼핑,1053,1093,40
2026-03-06,빙그레,B031,빙그레과자031,G마켓,1060,1083,23
2026-03-06,빙그레,B031,빙그레과자031,네이버쇼핑,1063,1083,20
2026-03-06,빙그레,B033,빙그레과자033,G마켓,1086,1125,39
2026-03-06,빙그레,B033,빙그레과자033,네이버쇼핑,1117,1125,8
2026-03-06,빙그레,B033,빙그레과자033,컬리,1120,1125,5
2026-03-06,빙그레,B038,빙그레과자038,G마켓,1110,1130,20
2026-03-06,빙그레,B038,빙그레과자038,네이버쇼핑,1124,1130,6
2026-03-06,빙그레,B039,빙그레과자039,G마켓,1135,1167,32
2026-03-06,빙그레,B039,빙그레과자039,SSG,1164,1167,3
2026-03-06,빙그레,B041,빙그레과자041,네이버쇼핑,1122,1151,29
2026-03-06,빙그레,B043,빙그레과자043,SSG,1149,1166,17
2026-03-06,빙그레,B044,빙그레과자044,SSG,1155,1170,15
2026-03-06,빙그레,B049,빙그레과자049,네이버쇼핑,828,851,23
2026-03-06,해태제과,H000,해태과자000,G마켓,843,873,30
2026-03-06,해태제과,H000,해태과자000,SSG,865,873,8
2026-03-06,해태제과,H000,해태과자000,네이버쇼핑,868,873,5
2026-03-06,해태제과,H001,해태과자001,G마켓,861,892,31
2026-03-06,해태제과,H001,해태과자001,컬리,879,892,13
2026-03-06,해태제과,H002,해태과자002,네이버쇼핑,881,903,22
2026-03-06,해태제과,H002,해태과자002,SSG,882,903,21
2026-03-06,해태제과,H002,해태과자002,G마켓,897,903,6
2026-03-06,해태제과,H003,해태과자003,G마켓,856,888,32
2026-03-06,해태제과,H003,해태과자003,네이버쇼핑,861,888,27
2026-03-06,해태제과,H003,해태과자003,컬리,887,888,1
2026-03-06,해태제과,H004,해태과자004,G마켓,868,918,50
2026-03-06,해태제과,H004,해태과자004,네이버쇼핑,884,918,34
2026-03-06,해태제과,H004,해태과자004,SSG,906,918,12
2026-03-06,해태제과,H004,해태과자004,컬리,906,918,12
2026-03-06,해태제과,H005,해태과자005,네이버쇼핑,875,888,13
2026-03-06,해태제과,H006,해태과자006,네이버쇼핑,872,922,50
2026-03-06,해태제과,H006,해태과자006,G마켓,891,922,31
2026-03-06,해태제과,H007,해태과자007,네이버쇼핑,881,918,37
2026-03-06,해태제과,H007,해태과자007,SSG,912,918,6
2026-03-06,해태제과,H008,해태과자008,네이버쇼핑,912,929,17
2026-03-06,해태제과,H009,해태과자009,네이버쇼핑,886,913,27
2026-03-06,해태제과,H010,해태과자010,네이버쇼핑,911,953,42
2026-03-06,해태제과,H011,해태과자011,G마켓,918,943,25
2026-03-06,해태제과,H011,해태과자011,네이버쇼핑,922,943,21
2026-03-06,해태제과,H013,해태과자013,G마켓,944,984,40
2026-03-06,해태제과,H013,해태과자013,네이버쇼핑,979,984,5
2026-03-06,해태제과,H013,해태과자013,컬리,979,984,5
2026-03-06,해태제과,H018,해태과자018,G마켓,969,992,23
2026-03-06,해태제과,H018,해태과자018,네이버쇼핑,983,992,9
2026-03-06,해태제과,H019,해태과자019,G마켓,993,1026,33
2026-03-06,해태제과,H019,해태과자019,SSG,1024,1026,2
2026-03-06,해태제과,H021,해태과자021,네이버쇼핑,978,1003,25
2026-03-06,해태제과,H023,해태과자023,SSG,1009,1027,18
2026-03-06,해태제과,H024,해태과자024,SSG,1014,1030,16
2026-03-06,해태제과,H029,해태과자029,네이버쇼핑,1039,1061,22
2026-03-06,해태제과,H031,해태과자031,SSG,1071,1075,4
2026-03-06,해태제과,H031,해태과자031,G마켓,1072,1075,3
2026-03-06,해태제과,H032,해태과자032,네이버쇼핑,1066,1067,1
2026-03-06,해태제과,H033,해태과자033,네이버쇼핑,1058,1080,22
2026-03-06,해태제과,H034,해태과자034,G마켓,1077,1101,24
2026-03-06,해태제과,H035,해태과자035,G마켓,1085,1089,4
2026-03-06,해태제과,H037,해태과자037,네이버쇼핑,1112,1141,29
2026-03-06,해태제과,H037,해태과자037,SSG,1118,1141,23
2026-03-06,해태제과,H038,해태과자038,네이버쇼핑,1091,1152,61
2026-03-06,해태제과,H038,해태과자038,SSG,1121,1152,31
2026-03-06,해태제과,H038,해태과자038,컬리,1146,1152,6
2026-03-06,해태제과,H038,해태과자038,G마켓,1148,1152,4
2026-03-06,해태제과,H039,해태과자039,네이버쇼핑,1116,1158,42
2026-03-06,해태제과,H039,해태과자039,G마켓,1146,1158,12
2026-03-06,해태제과,H040,해태과자040,G마켓,1117,1147,30
2026-03-06,해태제과,H040,해태과자040,네이버쇼핑,1122,1147,25
2026-03-06,해태제과,H041,해태과자041,G마켓,1128,1179,51
2026-03-06,해태제과,H041,해태과자041,네이버쇼핑,1146,1179,33
2026-03-06,해태제과,H041,해태과자041,SSG,1167,1179,12
2026-03-06,해태제과,H041,해태과자041,컬리,1167,1179,12
2026-03-06,해태제과,H042,해태과자042,네이버쇼핑,1129,1142,13
2026-03-06,해태제과,H043,해태과자043,네이버쇼핑,1129,1176,47
2026-03-06,해태제과,H043,해태과자043,G마켓,1146,1176,30
2026-03-06,해태제과,H044,해태과자044,네이버쇼핑,1140,1181,41
2026-03-06,해태제과,H044,해태과자044,SSG,1173,1181,8
2026-03-06,해태제과,H045,해태과자045,네이버쇼핑,1170,1188,18
2026-03-06,해태제과,H046,해태과자046,네이버쇼핑,1147,1175,28
2026-03-06,해태제과,H048,해태과자048,네이버쇼핑,1180,1210,30
2026-03-06,해태제과,H049,해태과자049,네이버쇼핑,826,835,9
2026-03-06,롯데,L000,롯데과자000,G마켓,857,887,30
2026-03-06,롯데,L000,롯데과자000,컬리,876,887,11
2026-03-06,롯데,L001,롯데과자001,네이버쇼핑,874,899,25
2026-03-06,롯데,L001,롯데과자001,SSG,876,899,23
2026-03-06,롯데,L001,롯데과자001,G마켓,893,899,6
2026-03-06,롯데,L002,롯데과자002,G마켓,852,881,29
2026-03-06,롯데,L002,롯데과자002,네이버쇼핑,856,881,25
2026-03-06,롯데,L003,롯데과자003,G마켓,863,913,50
2026-03-06,롯데,L003,롯데과자003,네이버쇼핑,880,913,33
2026-03-06,롯데,L003,롯데과자003,컬리,899,913,14
2026-03-06,롯데,L003,롯데과자003,SSG,900,913,13
2026-03-06,롯데,L004,롯데과자004,네이버쇼핑,868,882,14
2026-03-06,롯데,L005,롯데과자005,네이버쇼핑,867,916,49
2026-03-06,롯데,L005,롯데과자005,G마켓,885,916,31
2026-03-06,롯데,L006,롯데과자006,네이버쇼핑,881,920,39
2026-03-06,롯데,L006,롯데과자006,SSG,912,920,8
2026-03-06,롯데,L007,롯데과자007,네이버쇼핑,905,924,19
2026-03-06,롯데,L008,롯데과자008,네이버쇼핑,881,910,29
2026-03-06,롯데,L009,롯데과자009,네이버쇼핑,897,899,2
2026-03-06,롯데,L010,롯데과자010,G마켓,913,935,22
2026-03-06,롯데,L010,롯데과자010,네이버쇼핑,919,935,16
2026-03-06,롯데,L012,롯데과자012,G마켓,941,981,40
2026-03-06,롯데,L012,롯데과자012,네이버쇼핑,973,981,8
2026-03-06,롯데,L012,롯데과자012,컬리,973,981,8
2026-03-06,롯데,L017,롯데과자017,G마켓,964,984,20
2026-03-06,롯데,L017,롯데과자017,네이버쇼핑,979,984,5
2026-03-06,롯데,L018,롯데과자018,G마켓,988,1019,31
2026-03-06,롯데,L020,롯데과자020,네이버쇼핑,976,1006,30
2026-03-06,롯데,L022,롯데과자022,SSG,1003,1020,17
2026-03-06,롯데,L023,롯데과자023,SSG,1011,1024,13
2026-03-06,롯데,L026,롯데과자026,네이버쇼핑,1028,1029,1
2026-03-06,롯데,L028,롯데과자028,네이버쇼핑,1033,1057,24
2026-03-06,롯데,L029,롯데과자029,네이버쇼핑,1064,1066,2
2026-03-06,롯데,L030,롯데과자030,G마켓,1066,1068,2
2026-03-06,롯데,L030,롯데과자030,SSG,1066,1068,2
2026-03-06,롯데,L031,롯데과자031,네이버쇼핑,1059,1063,4
2026-03-06,롯데,L032,롯데과자032,네이버쇼핑,1054,1076,22
2026-03-06,롯데,L033,롯데과자033,G마켓,1072,1096,24
2026-03-06,롯데,L034,롯데과자034,G마켓,1084,1089,5
2026-03-06,롯데,L036,롯데과자036,네이버쇼핑,1106,1135,29
2026-03-06,롯데,L036,롯데과자036,SSG,1111,1135,24
2026-03-06,롯데,L037,롯데과자037,네이버쇼핑,1084,1147,63
2026-03-06,롯데,L037,롯데과자037,SSG,1115,1147,32
2026-03-06,롯데,L037,롯데과자037,컬리,1139,1147,8
2026-03-06,롯데,L037,롯데과자037,G마켓,1142,1147,5
2026-03-06,롯데,L038,롯데과자038,네이버쇼핑,1110,1152,42
2026-03-06,롯데,L038,롯데과자038,G마켓,1142,1152,10
2026-03-06,롯데,L039,롯데과자039,네이버쇼핑,1137,1140,3
2026-03-06,롯데,L040,롯데과자040,G마켓,1124,1173,49
2026-03-06,롯데,L040,롯데과자040,네이버쇼핑,1139,1173,34
2026-03-06,롯데,L040,롯데과자040,컬리,1160,1173,13
2026-03-06,롯데,L040,롯데과자040,SSG,1161,1173,12
2026-03-06,롯데,L041,롯데과자041,네이버쇼핑,1129,1144,15
2026-03-06,롯데,L042,롯데과자042,네이버쇼핑,1122,1172,50
2026-03-06,롯데,L042,롯데과자042,G마켓,1139,1172,33
2026-03-06,롯데,L043,롯데과자043,네이버쇼핑,1135,1176,41
2026-03-06,롯데,L043,롯데과자043,SSG,1165,1176,11
2026-03-06,롯데,L044,롯데과자044,네이버쇼핑,1167,1182,15
2026-03-06,롯데,L045,롯데과자045,네이버쇼핑,1142,1168,26
2026-03-06,롯데,L046,롯데과자046,네이버쇼핑,1158,1161,3
2026-03-06,롯데,L047,롯데과자047,네이버쇼핑,1174,1204,30
2026-03-06,롯데,L048,롯데과자048,네이버쇼핑,1174,1186,12
2026-03-06,농심,N001,농심과자001,네이버쇼핑,839,865,26
2026-03-06,농심,N003,농심과자003,SSG,871,889,18
2026-03-06,농심,N004,농심과자004,SSG,878,889,11
2026-03-06,농심,N009,농심과자009,네이버쇼핑,898,924,26
2026-03-06,농심,N011,농심과자011,G마켓,933,937,4
2026-03-06,농심,N011,농심과자011,SSG,933,937,4
2026-03-06,농심,N012,농심과자012,네이버쇼핑,928,929,1
2026-03-06,농심,N013,농심과자013,네이버쇼핑,920,943,23
2026-03-06,농심,N014,농심과자014,G마켓,932,956,24
2026-03-06,농심,N015,농심과자015,G마켓,947,951,4
2026-03-06,농심,N017,농심과자017,네이버쇼핑,975,1004,29
2026-03-06,농심,N017,농심과자017,SSG,979,1004,25
2026-03-06,농심,N018,농심과자018,네이버쇼핑,951,1013,62
2026-03-06,농심,N018,농심과자018,SSG,982,1013,31
2026-03-06,농심,N018,농심과자018,컬리,1007,1013,6
2026-03-06,농심,N018,농심과자018,G마켓,1011,1013,2
2026-03-06,농심,N019,농심과자019,네이버쇼핑,978,1021,43
2026-03-06,농심,N019,농심과자019,G마켓,1008,1021,13
2026-03-06,농심,N020,농심과자020,G마켓,978,1010,32
2026-03-06,농심,N020,농심과자020,네이버쇼핑,984,1010,26
2026-03-06,농심,N020,농심과자020,컬리,1008,1010,2
2026-03-06,농심,N021,농심과자021,G마켓,983,1033,50
2026-03-06,농심,N021,농심과자021,네이버쇼핑,1000,1033,33
2026-03-06,농심,N021,농심과자021,SSG,1022,1033,11
2026-03-06,농심,N021,농심과자021,컬리,1022,1033,11
2026-03-06,농심,N022,농심과자022,네이버쇼핑,991,1004,13
2026-03-06,농심,N023,농심과자023,네이버쇼핑,990,1038,48
2026-03-06,농심,N023,농심과자023,G마켓,1006,1038,32
2026-03-06,농심,N024,농심과자024,네이버쇼핑,1004,1043,39
2026-03-06,농심,N024,농심과자024,SSG,1032,1043,11
2026-03-06,농심,N025,농심과자025,네이버쇼핑,1032,1051,19
2026-03-06,농심,N026,농심과자026,네이버쇼핑,1011,1035,24
2026-03-06,농심,N027,농심과자027,네이버쇼핑,1025,1027,2
2026-03-06,농심,N028,농심과자028,네이버쇼핑,1037,1067,30
2026-03-06,농심,N029,농심과자029,네이버쇼핑,1035,1047,12
2026-03-06,농심,N030,농심과자030,G마켓,1063,1101,38
2026-03-06,농심,N030,농심과자030,네이버쇼핑,1095,1101,6
2026-03-06,농심,N030,농심과자030,컬리,1096,1101,5
2026-03-06,농심,N035,농심과자035,G마켓,1087,1107,20
2026-03-06,농심,N035,농심과자035,네이버쇼핑,1101,1107,6
2026-03-06,농심,N036,농심과자036,G마켓,1109,1143,34
2026-03-06,농심,N036,농심과자036,SSG,1142,1143,1
2026-03-06,농심,N039,농심과자039,네이버쇼핑,1123,1152,29
2026-03-06,농심,N040,농심과자040,SSG,1131,1147,16
2026-03-06,농심,N041,농심과자041,SSG,1137,1150,13
2026-03-06,농심,N044,농심과자044,네이버쇼핑,1149,1150,1
2026-03-06,농심,N046,농심과자046,네이버쇼핑,1160,1183,23
2026-03-06,농심,N047,농심과자047,네이버쇼핑,1192,1193,1
2026-03-06,농심,N048,농심과자048,네이버쇼핑,1164,1204,40
2026-03-06,농심,N049,농심과자049,네이버쇼핑,811,851,40
2026-03-06,오리온,O000,오리온과자000,G마켓,836,860,24
2026-03-06,오리온,O000,오리온과자000,네이버쇼핑,843,860,17
2026-03-06,오리온,O002,오리온과자002,G마켓,863,903,40
2026-03-06,오리온,O002,오리온과자002,네이버쇼핑,897,903,6
2026-03-06,오리온,O002,오리온과자002,컬리,897,903,6
2026-03-06,오리온,O007,오리온과자007,G마켓,888,909,21
2026-03-06,오리온,O007,오리온과자007,네이버쇼핑,903,909,6
2026-03-06,오리온,O008,오리온과자008,G마켓,911,944,33
2026-03-06,오리온,O008,오리온과자008,SSG,942,944,2
2026-03-06,오리온,O010,오리온과자010,네이버쇼핑,901,929,28
2026-03-06,오리온,O012,오리온과자012,SSG,932,950,18
2026-03-06,오리온,O013,오리온과자013,SSG,939,954,15
2026-03-06,오리온,O016,오리온과자016,네이버쇼핑,953,954,1
2026-03-06,오리온,O018,오리온과자018,네이버쇼핑,963,985,22
2026-03-06,오리온,O019,오리온과자019,네이버쇼핑,993,997,4
2026-03-06,오리온,O020,오리온과자020,G마켓,996,999,3
2026-03-06,오리온,O020,오리온과자020,SSG,996,999,3
2026-03-06,오리온,O021,오리온과자021,네이버쇼핑,985,987,2
2026-03-06,오리온,O022,오리온과자022,네이버쇼핑,978,998,20
2026-03-06,오리온,O023,오리온과자023,G마켓,997,1019,22
2026-03-06,오리온,O024,오리온과자024,G마켓,1009,1012,3
2026-03-06,오리온,O026,오리온과자026,네이버쇼핑,1038,1067,29
2026-03-06,오리온,O026,오리온과자026,SSG,1041,1067,26
2026-03-06,오리온,O027,오리온과자027,네이버쇼핑,1015,1076,61
2026-03-06,오리온,O027,오리온과자027,SSG,1044,1076,32
2026-03-06,오리온,O027,오리온과자027,컬리,1071,1076,5
2026-03-06,오리온,O027,오리온과자027,G마켓,1072,1076,4
2026-03-06,오리온,O028,오리온과자028,네이버쇼핑,1035,1077,42
2026-03-06,오리온,O028,오리온과자028,G마켓,1065,1077,12
2026-03-06,오리온,O029,오리온과자029,네이버쇼핑,1063,1065,2
2026-03-06,오리온,O030,오리온과자030,G마켓,1048,1096,48
2026-03-06,오리온,O030,오리온과자030,네이버쇼핑,1063,1096,33
2026-03-06,오리온,O030,오리온과자030,SSG,1085,1096,11
2026-03-06,오리온,O030,오리온과자030,컬리,1085,1096,11
2026-03-06,오리온,O031,오리온과자031,네이버쇼핑,1053,1067,14
2026-03-06,오리온,O032,오리온과자032,네이버쇼핑,1053,1101,48
2026-03-06,오리온,O032,오리온과자032,G마켓,1070,1101,31
2026-03-06,오리온,O033,오리온과자033,네이버쇼핑,1065,1106,41
2026-03-06,오리온,O033,오리온과자033,SSG,1097,1106,9
2026-03-06,오리온,O034,오리온과자034,네이버쇼핑,1097,1114,17
2026-03-06,오리온,O035,오리온과자035,네이버쇼핑,1068,1094,26
2026-03-06,오리온,O036,오리온과자036,네이버쇼핑,1084,1085,1
2026-03-06,오리온,O037,오리온과자037,네이버쇼핑,1098,1129,31
2026-03-06,오리온,O038,오리온과자038,네이버쇼핑,1100,1112,12
2026-03-06,오리온,O044,오리온과자044,G마켓,1148,1170,22
2026-03-06,오리온,O044,오리온과자044,네이버쇼핑,1165,1170,5
2026-03-06,오리온,O045,오리온과자045,G마켓,1173,1205,32
2026-03-06,오리온,O045,오리온과자045,SSG,1204,1205,1
2026-03-06,오리온,O048,오리온과자048,네이버쇼핑,1188,1214,26
2026-03-06,오리온,O049,오리온과자049,네이버쇼핑,842,883,41
2026-03-06,오리온,O049,오리온과자049,컬리,852,883,31
2026-03-06,오리온,O049,오리온과자049,SSG,854,883,29
2026-03-06,오리온,O049,오리온과자049,G마켓,874,883,9
2026-03-07,빙그레,B000,빙그레과자000,SSG,851,854,3
2026-03-07,빙그레,B001,빙그레과자001,G마켓,863,865,2
2026-03-07,빙그레,B002,빙그레과자002,네이버쇼핑,844,869,25
2026-03-07,빙그레,B004,빙그레과자004,네이버쇼핑,866,894,28
2026-03-07,빙그레,B006,빙그레과자006,SSG,897,915,18
2026-03-07,빙그레,B007,빙그레과자007,SSG,898,912,14
2026-03-07,빙그레,B010,빙그레과자010,네이버쇼핑,916,934,18
2026-03-07,빙그레,B010,빙그레과자010,SSG,918,934,16
2026-03-07,빙그레,B011,빙그레과자011,네이버쇼핑,904,944,40
2026-03-07,빙그레,B011,빙그레과자011,G마켓,940,944,4
2026-03-07,빙그레,B012,빙그레과자012,G마켓,937,971,34
2026-03-07,빙그레,B012,빙그레과자012,네이버쇼핑,970,971,1
2026-03-07,빙그레,B014,빙그레과자014,SSG,953,958,5
2026-03-07,빙그레,B014,빙그레과자014,G마켓,955,958,3
2026-03-07,빙그레,B015,빙그레과자015,네이버쇼핑,948,949,1
2026-03-07,빙그레,B016,빙그레과자016,네이버쇼핑,942,962,20
2026-03-07,빙그레,B017,빙그레과자017,G마켓,961,985,24
2026-03-07,빙그레,B018,빙그레과자018,G마켓,974,976,2
2026-03-07,빙그레,B020,빙그레과자020,G마켓,995,1024,29
2026-03-07,빙그레,B020,빙그레과자020,SSG,1015,1024,9
2026-03-07,빙그레,B020,빙그레과자020,네이버쇼핑,1017,1024,7
2026-03-07,빙그레,B021,빙그레과자021,G마켓,1004,1036,32
2026-03-07,빙그레,B021,빙그레과자021,컬리,1023,1036,13
2026-03-07,빙그레,B022,빙그레과자022,네이버쇼핑,1023,1046,23
2026-03-07,빙그레,B022,빙그레과자022,SSG,1025,1046,21
2026-03-07,빙그레,B022,빙그레과자022,G마켓,1042,1046,4
2026-03-07,빙그레,B023,빙그레과자023,G마켓,1000,1031,31
2026-03-07,빙그레,B023,빙그레과자023,네이버쇼핑,1004,1031,27
2026-03-07,빙그레,B024,빙그레과자024,G마켓,1012,1060,48
2026-03-07,빙그레,B024,빙그레과자024,네이버쇼핑,1028,1060,32
2026-03-07,빙그레,B024,빙그레과자024,SSG,1048,1060,12
2026-03-07,빙그레,B024,빙그레과자024,컬리,1050,1060,10
2026-03-07,빙그레,B025,빙그레과자025,네이버쇼핑,1018,1031,13
2026-03-07,빙그레,B026,빙그레과자026,네이버쇼핑,1017,1066,49
2026-03-07,빙그레,B026,빙그레과자026,G마켓,1033,1066,33
2026-03-07,빙그레,B027,빙그레과자027,네이버쇼핑,1030,1068,38
2026-03-07,빙그레,B027,빙그레과자027,SSG,1061,1068,7
2026-03-07,빙그레,B028,빙그레과자028,네이버쇼핑,1053,1070,17
2026-03-07,빙그레,B029,빙그레과자029,네이버쇼핑,1030,1056,26
2026-03-07,빙그레,B030,빙그레과자030,네이버쇼핑,1054,1095,41
2026-03-07,빙그레,B031,빙그레과자031,G마켓,1063,1084,21
2026-03-07,빙그레,B031,빙그레과자031,네이버쇼핑,1065,1084,19
2026-03-07,빙그레,B033,빙그레과자033,G마켓,1089,1130,41
2026-03-07,빙그레,B033,빙그레과자033,네이버쇼핑,1122,1130,8
2026-03-07,빙그레,B033,빙그레과자033,컬리,1123,1130,7
2026-03-07,빙그레,B038,빙그레과자038,G마켓,1113,1134,21
2026-03-07,빙그레,B038,빙그레과자038,네이버쇼핑,1126,1134,8
2026-03-07,빙그레,B039,빙그레과자039,G마켓,1137,1170,33
2026-03-07,빙그레,B039,빙그레과자039,SSG,1168,1170,2
2026-03-07,빙그레,B041,빙그레과자041,네이버쇼핑,1125,1154,29
2026-03-07,빙그레,B043,빙그레과자043,SSG,1153,1170,17
2026-03-07,빙그레,B044,빙그레과자044,SSG,1158,1172,14
2026-03-07,빙그레,B047,빙그레과자047,네이버쇼핑,1177,1178,1
2026-03-07,빙그레,B049,빙그레과자049,네이버쇼핑,831,854,23
2026-03-07,해태제과,H000,해태과자000,G마켓,848,877,29
2026-03-07,해태제과,H000,해태과자000,SSG,866,877,11
2026-03-07,해태제과,H000,해태과자000,네이버쇼핑,868,877,9
2026-03-07,해태제과,H001,해태과자001,G마켓,864,894,30
2026-03-07,해태제과,H001,해태과자001,컬리,883,894,11
2026-03-07,해태제과,H002,해태과자002,네이버쇼핑,882,906,24
2026-03-07,해태제과,H002,해태과자002,SSG,883,906,23
2026-03-07,해태제과,H002,해태과자002,G마켓,899,906,7
2026-03-07,해태제과,H003,해태과자003,G마켓,860,889,29
2026-03-07,해태제과,H003,해태과자003,네이버쇼핑,865,889,24
2026-03-07,해태제과,H004,해태과자004,G마켓,869,919,50
2026-03-07,해태제과,H004,해태과자004,네이버쇼핑,886,919,33
2026-03-07,해태제과,H004,해태과자004,SSG,909,919,10
2026-03-07,해태제과,H004,해태과자004,컬리,909,919,10
2026-03-07,해태제과,H005,해태과자005,네이버쇼핑,877,891,14
2026-03-07,해태제과,H006,해태과자006,네이버쇼핑,875,924,49
2026-03-07,해태제과,H006,해태과자006,G마켓,892,924,32
2026-03-07,해태제과,H007,해태과자007,네이버쇼핑,883,923,40
2026-03-07,해태제과,H007,해태과자007,SSG,914,923,9
2026-03-07,해태제과,H008,해태과자008,네이버쇼핑,913,931,18
2026-03-07,해태제과,H009,해태과자009,네이버쇼핑,890,916,26
2026-03-07,해태제과,H010,해태과자010,네이버쇼핑,914,955,41
2026-03-07,해태제과,H011,해태과자011,G마켓,920,943,23
2026-03-07,해태제과,H011,해태과자011,네이버쇼핑,924,943,19
2026-03-07,해태제과,H013,해태과자013,G마켓,947,988,41
2026-03-07,해태제과,H013,해태과자013,네이버쇼핑,979,988,9
2026-03-07,해태제과,H013,해태과자013,컬리,984,988,4
2026-03-07,해태제과,H018,해태과자018,G마켓,972,994,22
2026-03-07,해태제과,H018,해태과자018,네이버쇼핑,988,994,6
2026-03-07,해태제과,H019,해태과자019,G마켓,995,1029,34
2026-03-07,해태제과,H019,해태과자019,SSG,1027,1029,2
2026-03-07,해태제과,H021,해태과자021,네이버쇼핑,979,1008,29
2026-03-07,해태제과,H023,해태과자023,SSG,1011,1028,17
2026-03-07,해태제과,H024,해태과자024,SSG,1019,1030,11
2026-03-07,해태제과,H029,해태과자029,네이버쇼핑,1039,1063,24
2026-03-07,해태제과,H031,해태과자031,G마켓,1075,1077,2
2026-03-07,해태제과,H031,해태과자031,SSG,1075,1077,2
2026-03-07,해태제과,H032,해태과자032,네이버쇼핑,1068,1071,3
2026-03-07,해태제과,H033,해태과자033,네이버쇼핑,1061,1082,21
2026-03-07,해태제과,H034,해태과자034,G마켓,1081,1103,22
2026-03-07,해태제과,H035,해태과자035,G마켓,1089,1092,3
2026-03-07,해태제과,H037,해태과자037,네이버쇼핑,1114,1144,30
2026-03-07,해태제과,H037,해태과자037,SSG,1120,1144,24
2026-03-07,해태제과,H038,해태과자038,네이버쇼핑,1092,1155,63
2026-03-07,해태제과,H038,해태과자038,SSG,1123,1155,32
2026-03-07,해태제과,H038,해태과자038,컬리,1148,1155,7
2026-03-07,해태제과,H038,해태과자038,G마켓,1150,1155,5
2026-03-07,해태제과,H039,해태과자039,네이버쇼핑,1118,1160,42
2026-03-07,해태제과,H039,해태과자039,G마켓,1151,1160,9
2026-03-07,해태제과,H040,해태과자040,G마켓,1119,1151,32
2026-03-07,해태제과,H040,해태과자040,네이버쇼핑,1123,1151,28
2026-03-07,해태제과,H040,해태과자040,컬리,1150,1151,1
2026-03-07,해태제과,H041,해태과자041,G마켓,1132,1180,48
2026-03-07,해태제과,H041,해태과자041,네이버쇼핑,1146,1180,34
2026-03-07,해태제과,H041,해태과자041,SSG,1169,1180,11
2026-03-07,해태제과,H041,해태과자041,컬리,1169,1180,11
2026-03-07,해태제과,H042,해태과자042,네이버쇼핑,1133,1146,13
2026-03-07,해태제과,H043,해태과자043,네이버쇼핑,1129,1180,51
2026-03-07,해태제과,H043,해태과자043,G마켓,1146,1180,34
2026-03-07,해태제과,H044,해태과자044,네이버쇼핑,1145,1182,37
2026-03-07,해태제과,H044,해태과자044,SSG,1174,1182,8
2026-03-07,해태제과,H045,해태과자045,네이버쇼핑,1174,1191,17
2026-03-07,해태제과,H046,해태과자046,네이버쇼핑,1150,1176,26
2026-03-07,해태제과,H047,해태과자047,네이버쇼핑,1167,1169,2
2026-03-07,해태제과,H048,해태과자048,네이버쇼핑,1182,1212,30
2026-03-07,해태제과,H049,해태과자049,네이버쇼핑,826,840,14
2026-03-07,롯데,L000,롯데과자000,G마켓,859,889,30
2026-03-07,롯데,L000,롯데과자000,컬리,877,889,12
2026-03-07,롯데,L001,롯데과자001,SSG,877,901,24
2026-03-07,롯데,L001,롯데과자001,네이버쇼핑,878,901,23
2026-03-07,롯데,L001,롯데과자001,G마켓,895,901,6
2026-03-07,롯데,L002,롯데과자002,G마켓,854,884,30
2026-03-07,롯데,L002,롯데과자002,네이버쇼핑,857,884,27
2026-03-07,롯데,L002,롯데과자002,컬리,883,884,1
2026-03-07,롯데,L003,롯데과자003,G마켓,865,916,51
2026-03-07,롯데,L003,롯데과자003,네이버쇼핑,882,916,34
2026-03-07,롯데,L003,롯데과자003,SSG,903,916,13
2026-03-07,롯데,L003,롯데과자003,컬리,903,916,13
2026-03-07,롯데,L004,롯데과자004,네이버쇼핑,873,887,14
2026-03-07,롯데,L005,롯데과자005,네이버쇼핑,871,919,48
2026-03-07,롯데,L005,롯데과자005,G마켓,889,919,30
2026-03-07,롯데,L006,롯데과자006,네이버쇼핑,883,924,41
2026-03-07,롯데,L006,롯데과자006,SSG,916,924,8
2026-03-07,롯데,L007,롯데과자007,네이버쇼핑,907,926,19
2026-03-07,롯데,L008,롯데과자008,네이버쇼핑,886,912,26
2026-03-07,롯데,L009,롯데과자009,네이버쇼핑,900,903,3
2026-03-07,롯데,L010,롯데과자010,G마켓,915,940,25
2026-03-07,롯데,L010,롯데과자010,네이버쇼핑,921,940,19
2026-03-07,롯데,L012,롯데과자012,G마켓,944,984,40
2026-03-07,롯데,L012,롯데과자012,네이버쇼핑,976,984,8
2026-03-07,롯데,L012,롯데과자012,컬리,978,984,6
2026-03-07,롯데,L017,롯데과자017,G마켓,967,989,22
2026-03-07,롯데,L017,롯데과자017,네이버쇼핑,982,989,7
2026-03-07,롯데,L018,롯데과자018,G마켓,992,1022,30
2026-03-07,롯데,L020,롯데과자020,네이버쇼핑,980,1008,28
2026-03-07,롯데,L022,롯데과자022,SSG,1005,1023,18
2026-03-07,롯데,L023,롯데과자023,SSG,1014,1025,11
2026-03-07,롯데,L028,롯데과자028,네이버쇼핑,1035,1059,24
2026-03-07,롯데,L030,롯데과자030,G마켓,1070,1072,2
2026-03-07,롯데,L030,롯데과자030,SSG,1070,1072,2
2026-03-07,롯데,L031,롯데과자031,네이버쇼핑,1061,1065,4
2026-03-07,롯데,L032,롯데과자032,네이버쇼핑,1056,1077,21
2026-03-07,롯데,L033,롯데과자033,G마켓,1076,1098,22
2026-03-07,롯데,L034,롯데과자034,G마켓,1090,1091,1
2026-03-07,롯데,L036,롯데과자036,네이버쇼핑,1110,1139,29
2026-03-07,롯데,L036,롯데과자036,SSG,1116,1139,23
2026-03-07,롯데,L037,롯데과자037,네이버쇼핑,1088,1149,61
2026-03-07,롯데,L037,롯데과자037,SSG,1117,1149,32
2026-03-07,롯데,L037,롯데과자037,컬리,1142,1149,7
2026-03-07,롯데,L037,롯데과자037,G마켓,1146,1149,3
2026-03-07,롯데,L038,롯데과자038,네이버쇼핑,1112,1156,44
2026-03-07,롯데,L038,롯데과자038,G마켓,1145,1156,11
2026-03-07,롯데,L039,롯데과자039,네이버쇼핑,1140,1142,2
2026-03-07,롯데,L040,롯데과자040,G마켓,1127,1176,49
2026-03-07,롯데,L040,롯데과자040,네이버쇼핑,1142,1176,34
2026-03-07,롯데,L040,롯데과자040,SSG,1164,1176,12
2026-03-07,롯데,L040,롯데과자040,컬리,1164,1176,12
2026-03-07,롯데,L041,롯데과자041,네이버쇼핑,1132,1146,14
2026-03-07,롯데,L042,롯데과자042,네이버쇼핑,1124,1172,48
2026-03-07,롯데,L042,롯데과자042,G마켓,1141,1172,31
2026-03-07,롯데,L043,롯데과자043,네이버쇼핑,1138,1177,39
2026-03-07,롯데,L043,롯데과자043,SSG,1169,1177,8
2026-03-07,롯데,L044,롯데과자044,네이버쇼핑,1167,1186,19
2026-03-07,롯데,L045,롯데과자045,네이버쇼핑,1146,1173,27
2026-03-07,롯데,L046,롯데과자046,네이버쇼핑,1162,1163,1
2026-03-07,롯데,L047,롯데과자047,네이버쇼핑,1178,1209,31
2026-03-07,롯데,L048,롯데과자048,네이버쇼핑,1178,1189,11
2026-03-07,농심,N001,농심과자001,네이버쇼핑,842,868,26
2026-03-07,농심,N003,농심과자003,SSG,874,889,15
2026-03-07,농심,N004,농심과자004,SSG,880,893,13
2026-03-07,농심,N007,농심과자007,네이버쇼핑,892,894,2
2026-03-07,농심,N009,농심과자009,네이버쇼핑,903,926,23
2026-03-07,농심,N011,농심과자011,SSG,936,939,3
2026-03-07,농심,N011,농심과자011,G마켓,937,939,2
2026-03-07,농심,N012,농심과자012,네이버쇼핑,929,931,2
2026-03-07,농심,N013,농심과자013,네이버쇼핑,924,945,21
2026-03-07,농심,N014,농심과자014,G마켓,934,961,27
2026-03-07,농심,N015,농심과자015,G마켓,948,952,4
2026-03-07,농심,N017,농심과자017,네이버쇼핑,978,1004,26
2026-03-07,농심,N017,농심과자017,SSG,981,1004,23
2026-03-07,농심,N018,농심과자018,네이버쇼핑,954,1016,62
2026-03-07,농심,N018,농심과자018,SSG,984,1016,32
2026-03-07,농심,N018,농심과자018,컬리,1011,1016,5
2026-03-07,농심,N018,농심과자018,G마켓,1013,1016,3
2026-03-07,농심,N019,농심과자019,네이버쇼핑,981,1023,42
2026-03-07,농심,N019,농심과자019,G마켓,1012,1023,11
2026-03-07,농심,N020,농심과자020,G마켓,981,1012,31
2026-03-07,농심,N020,농심과자020,네이버쇼핑,985,1012,27
2026-03-07,농심,N021,농심과자021,G마켓,988,1037,49
2026-03-07,농심,N021,농심과자021,네이버쇼핑,1004,1037,33
2026-03-07,농심,N021,농심과자021,컬리,1024,1037,13
2026-03-07,농심,N021,농심과자021,SSG,1025,1037,12
2026-03-07,농심,N022,농심과자022,네이버쇼핑,995,1008,13
2026-03-07,농심,N023,농심과자023,네이버쇼핑,991,1041,50
2026-03-07,농심,N023,농심과자023,G마켓,1010,1041,31
2026-03-07,농심,N024,농심과자024,네이버쇼핑,1006,1045,39
2026-03-07,농심,N024,농심과자024,SSG,1037,1045,8
2026-03-07,농심,N025,농심과자025,네이버쇼핑,1035,1053,18
2026-03-07,농심,N026,농심과자026,네이버쇼핑,1012,1039,27
2026-03-07,농심,N027,농심과자027,네이버쇼핑,1028,1030,2
2026-03-07,농심,N028,농심과자028,네이버쇼핑,1038,1070,32
2026-03-07,농심,N029,농심과자029,네이버쇼핑,1039,1052,13
2026-03-07,농심,N030,농심과자030,G마켓,1064,1104,40
2026-03-07,농심,N030,농심과자030,네이버쇼핑,1096,1104,8
2026-03-07,농심,N030,농심과자030,컬리,1100,1104,4
2026-03-07,농심,N035,농심과자035,G마켓,1088,1110,22
2026-03-07,농심,N035,농심과자035,네이버쇼핑,1103,1110,7
2026-03-07,농심,N036,농심과자036,G마켓,1113,1144,31
2026-03-07,농심,N036,농심과자036,SSG,1143,1144,1
2026-03-07,농심,N039,농심과자039,네이버쇼핑,1126,1156,30
2026-03-07,농심,N040,농심과자040,SSG,1135,1150,15
2026-03-07,농심,N041,농심과자041,SSG,1142,1155,13
2026-03-07,농심,N044,농심과자044,네이버쇼핑,1152,1154,2
2026-03-07,농심,N046,농심과자046,네이버쇼핑,1163,1186,23
2026-03-07,농심,N047,농심과자047,네이버쇼핑,1194,1196,2
2026-03-07,농심,N048,농심과자048,네이버쇼핑,1165,1207,42
2026-03-07,농심,N049,농심과자049,네이버쇼핑,814,856,42
2026-03-07,오리온,O000,오리온과자000,G마켓,841,862,21
2026-03-07,오리온,O000,오리온과자000,네이버쇼핑,843,862,19
2026-03-07,오리온,O002,오리온과자002,G마켓,866,908,42
2026-03-07,오리온,O002,오리온과자002,네이버쇼핑,898,908,10
2026-03-07,오리온,O002,오리온과자002,컬리,900,908,8
2026-03-07,오리온,O007,오리온과자007,G마켓,890,913,23
2026-03-07,오리온,O007,오리온과자007,네이버쇼핑,905,913,8
2026-03-07,오리온,O008,오리온과자008,G마켓,915,947,32
2026-03-07,오리온,O008,오리온과자008,SSG,946,947,1
2026-03-07,오리온,O010,오리온과자010,네이버쇼핑,903,932,29
2026-03-07,오리온,O012,오리온과자012,SSG,937,953,16
2026-03-07,오리온,O013,오리온과자013,SSG,942,956,14
2026-03-07,오리온,O016,오리온과자016,네이버쇼핑,954,956,2
2026-03-07,오리온,O018,오리온과자018,네이버쇼핑,964,987,23
2026-03-07,오리온,O020,오리온과자020,G마켓,998,1001,3
2026-03-07,오리온,O020,오리온과자020,SSG,1000,1001,1
2026-03-07,오리온,O021,오리온과자021,네이버쇼핑,985,988,3
2026-03-07,오리온,O022,오리온과자022,네이버쇼핑,979,1001,22
2026-03-07,오리온,O023,오리온과자023,G마켓,998,1023,25
2026-03-07,오리온,O024,오리온과자024,G마켓,1013,1014,1
2026-03-07,오리온,O026,오리온과자026,네이버쇼핑,1040,1069,29
2026-03-07,오리온,O026,오리온과자026,SSG,1045,1069,24
2026-03-07,오리온,O027,오리온과자027,네이버쇼핑,1016,1079,63
2026-03-07,오리온,O027,오리온과자027,SSG,1048,1079,31
2026-03-07,오리온,O027,오리온과자027,컬리,1072,1079,7
2026-03-07,오리온,O027,오리온과자027,G마켓,1077,1079,2
2026-03-07,오리온,O028,오리온과자028,네이버쇼핑,1036,1080,44
2026-03-07,오리온,O028,오리온과자028,G마켓,1070,1080,10
2026-03-07,오리온,O029,오리온과자029,네이버쇼핑,1065,1068,3
2026-03-07,오리온,O030,오리온과자030,G마켓,1048,1101,53
2026-03-07,오리온,O030,오리온과자030,네이버쇼핑,1066,1101,35
2026-03-07,오리온,O030,오리온과자030,SSG,1087,1101,14
2026-03-07,오리온,O030,오리온과자030,컬리,1089,1101,12
2026-03-07,오리온,O031,오리온과자031,네이버쇼핑,1057,1070,13
2026-03-07,오리온,O032,오리온과자032,네이버쇼핑,1055,1104,49
2026-03-07,오리온,O032,오리온과자032,G마켓,1073,1104,31
2026-03-07,오리온,O033,오리온과자033,네이버쇼핑,1070,1108,38
2026-03-07,오리온,O033,오리온과자033,SSG,1100,1108,8
2026-03-07,오리온,O034,오리온과자034,네이버쇼핑,1098,1117,19
2026-03-07,오리온,O035,오리온과자035,네이버쇼핑,1070,1095,25
2026-03-07,오리온,O036,오리온과자036,네이버쇼핑,1086,1087,1
2026-03-07,오리온,O037,오리온과자037,네이버쇼핑,1102,1133,31
2026-03-07,오리온,O038,오리온과자038,네이버쇼핑,1101,1114,13
2026-03-07,오리온,O044,오리온과자044,G마켓,1152,1172,20
2026-03-07,오리온,O044,오리온과자044,네이버쇼핑,1167,1172,5
2026-03-07,오리온,O045,오리온과자045,G마켓,1174,1206,32
2026-03-07,오리온,O045,오리온과자045,SSG,1205,1206,1
2026-03-07,오리온,O048,오리온과자048,네이버쇼핑,1190,1218,28
2026-03-07,오리온,O049,오리온과자049,네이버쇼핑,844,886,42
2026-03-07,오리온,O049,오리온과자049,컬리,855,886,31
2026-03-07,오리온,O049,오리온과자049,SSG,857,886,29
2026-03-07,오리온,O049,오리온과자049,G마켓,878,886,8
2026-03-08,빙그레,B000,빙그레과자000,SSG,853,856,3
2026-03-08,빙그레,B001,빙그레과자001,G마켓,866,867,1
2026-03-08,빙그레,B002,빙그레과자002,네이버쇼핑,847,871,24
2026-03-08,빙그레,B004,빙그레과자004,네이버쇼핑,868,896,28
2026-03-08,빙그레,B006,빙그레과자006,SSG,900,918,18
2026-03-08,빙그레,B007,빙그레과자007,SSG,902,915,13
2026-03-08,빙그레,B010,빙그레과자010,네이버쇼핑,919,937,18
2026-03-08,빙그레,B010,빙그레과자010,SSG,922,937,15
2026-03-08,빙그레,B011,빙그레과자011,네이버쇼핑,907,945,38
2026-03-08,빙그레,B011,빙그레과자011,G마켓,943,945,2
2026-03-08,빙그레,B012,빙그레과자012,G마켓,940,974,34
2026-03-08,빙그레,B014,빙그레과자014,G마켓,956,961,5
2026-03-08,빙그레,B014,빙그레과자014,SSG,956,961,5
2026-03-08,빙그레,B015,빙그레과자015,네이버쇼핑,950,954,4
2026-03-08,빙그레,B016,빙그레과자016,네이버쇼핑,944,967,23
2026-03-08,빙그레,B017,빙그레과자017,G마켓,963,987,24
2026-03-08,빙그레,B018,빙그레과자018,G마켓,978,981,3
2026-03-08,빙그레,B020,빙그레과자020,G마켓,998,1026,28
2026-03-08,빙그레,B020,빙그레과자020,SSG,1018,1026,8
2026-03-08,빙그레,B020,빙그레과자020,네이버쇼핑,1018,1026,8
2026-03-08,빙그레,B021,빙그레과자021,G마켓,1008,1036,28
2026-03-08,빙그레,B021,빙그레과자021,컬리,1028,1036,8
2026-03-08,빙그레,B022,빙그레과자022,네이버쇼핑,1025,1049,24
2026-03-08,빙그레,B022,빙그레과자022,SSG,1027,1049,22
2026-03-08,빙그레,B022,빙그레과자022,G마켓,1043,1049,6
2026-03-08,빙그레,B023,빙그레과자023,G마켓,1003,1034,31
2026-03-08,빙그레,B023,빙그레과자023,네이버쇼핑,1008,1034,26
2026-03-08,빙그레,B023,빙그레과자023,컬리,1033,1034,1
2026-03-08,빙그레,B024,빙그레과자024,G마켓,1013,1064,51
2026-03-08,빙그레,B024,빙그레과자024,네이버쇼핑,1029,1064,35
2026-03-08,빙그레,B024,빙그레과자024,SSG,1052,1064,12
2026-03-08,빙그레,B024,빙그레과자024,컬리,1053,1064,11
2026-03-08,빙그레,B025,빙그레과자025,네이버쇼핑,1021,1035,14
2026-03-08,빙그레,B026,빙그레과자026,네이버쇼핑,1020,1067,47
2026-03-08,빙그레,B026,빙그레과자026,G마켓,1037,1067,30
2026-03-08,빙그레,B027,빙그레과자027,네이버쇼핑,1033,1072,39
2026-03-08,빙그레,B027,빙그레과자027,SSG,1063,1072,9
2026-03-08,빙그레,B028,빙그레과자028,네이버쇼핑,1055,1073,18
2026-03-08,빙그레,B029,빙그레과자029,네이버쇼핑,1034,1061,27
2026-03-08,빙그레,B030,빙그레과자030,네이버쇼핑,1056,1099,43
2026-03-08,빙그레,B031,빙그레과자031,G마켓,1066,1088,22
2026-03-08,빙그레,B031,빙그레과자031,네이버쇼핑,1070,1088,18
2026-03-08,빙그레,B033,빙그레과자033,G마켓,1092,1133,41
2026-03-08,빙그레,B033,빙그레과자033,네이버쇼핑,1125,1133,8
2026-03-08,빙그레,B033,빙그레과자033,컬리,1126,1133,7
2026-03-08,빙그레,B038,빙그레과자038,G마켓,1115,1138,23
2026-03-08,빙그레,B038,빙그레과자038,네이버쇼핑,1130,1138,8
2026-03-08,빙그레,B039,빙그레과자039,G마켓,1141,1171,30
2026-03-08,빙그레,B041,빙그레과자041,네이버쇼핑,1129,1156,27
2026-03-08,빙그레,B043,빙그레과자043,SSG,1155,1172,17
2026-03-08,빙그레,B044,빙그레과자044,SSG,1161,1176,15
2026-03-08,빙그레,B047,빙그레과자047,네이버쇼핑,1179,1180,1
2026-03-08,빙그레,B049,빙그레과자049,네이버쇼핑,832,857,25
2026-03-08,해태제과,H000,해태과자000,G마켓,849,879,30
2026-03-08,해태제과,H000,해태과자000,SSG,869,879,10
2026-03-08,해태제과,H000,해태과자000,네이버쇼핑,870,879,9
2026-03-08,해태제과,H001,해태과자001,G마켓,865,895,30
2026-03-08,해태제과,H001,해태과자001,컬리,885,895,10
2026-03-08,해태제과,H002,해태과자002,네이버쇼핑,885,909,24
2026-03-08,해태제과,H002,해태과자002,SSG,887,909,22
2026-03-08,해태제과,H002,해태과자002,G마켓,903,909,6
2026-03-08,해태제과,H003,해태과자003,G마켓,862,892,30
2026-03-08,해태제과,H003,해태과자003,네이버쇼핑,865,892,27
2026-03-08,해태제과,H004,해태과자004,G마켓,874,923,49
2026-03-08,해태제과,H004,해태과자004,네이버쇼핑,889,923,34
2026-03-08,해태제과,H004,해태과자004,SSG,912,923,11
2026-03-08,해태제과,H004,해태과자004,컬리,913,923,10
2026-03-08,해태제과,H005,해태과자005,네이버쇼핑,881,893,12
2026-03-08,해태제과,H006,해태과자006,네이버쇼핑,878,927,49
2026-03-08,해태제과,H006,해태과자006,G마켓,896,927,31
2026-03-08,해태제과,H007,해태과자007,네이버쇼핑,886,924,38
2026-03-08,해태제과,H007,해태과자007,SSG,916,924,8
2026-03-08,해태제과,H008,해태과자008,네이버쇼핑,915,932,17
2026-03-08,해태제과,H009,해태과자009,네이버쇼핑,893,920,27
2026-03-08,해태제과,H010,해태과자010,네이버쇼핑,915,957,42
2026-03-08,해태제과,H011,해태과자011,G마켓,923,946,23
2026-03-08,해태제과,H011,해태과자011,네이버쇼핑,929,946,17
2026-03-08,해태제과,H013,해태과자013,G마켓,951,991,40
2026-03-08,해태제과,H013,해태과자013,네이버쇼핑,984,991,7
2026-03-08,해태제과,H013,해태과자013,컬리,985,991,6
2026-03-08,해태제과,H018,해태과자018,G마켓,974,995,21
2026-03-08,해태제과,H018,해태과자018,네이버쇼핑,988,995,7
2026-03-08,해태제과,H019,해태과자019,G마켓,999,1031,32
2026-03-08,해태제과,H021,해태과자021,네이버쇼핑,982,1010,28
2026-03-08,해태제과,H023,해태과자023,SSG,1013,1031,18
2026-03-08,해태제과,H024,해태과자024,SSG,1020,1033,13
2026-03-08,해태제과,H027,해태과자027,네이버쇼핑,1040,1041,1
2026-03-08,해태제과,H029,해태과자029,네이버쇼핑,1043,1065,22
2026-03-08,해태제과,H031,해태과자031,G마켓,1077,1079,2
2026-03-08,해태제과,H031,해태과자031,SSG,1078,1079,1
2026-03-08,해태제과,H032,해태과자032,네이버쇼핑,1069,1072,3
2026-03-08,해태제과,H033,해태과자033,네이버쇼핑,1065,1087,22
2026-03-08,해태제과,H034,해태과자034,G마켓,1084,1106,22
2026-03-08,해태제과,H035,해태과자035,G마켓,1089,1092,3
2026-03-08,해태제과,H037,해태과자037,네이버쇼핑,1117,1146,29
2026-03-08,해태제과,H037,해태과자037,SSG,1123,1146,23
2026-03-08,해태제과,H038,해태과자038,네이버쇼핑,1094,1157,63
2026-03-08,해태제과,H038,해태과자038,SSG,1125,1157,32
2026-03-08,해태제과,H038,해태과자038,컬리,1152,1157,5
2026-03-08,해태제과,H038,해태과자038,G마켓,1154,1157,3
2026-03-08,해태제과,H039,해태과자039,네이버쇼핑,1121,1165,44
2026-03-08,해태제과,H039,해태과자039,G마켓,1153,1165,12
2026-03-08,해태제과,H040,해태과자040,G마켓,1122,1153,31
2026-03-08,해태제과,H040,해태과자040,네이버쇼핑,1128,1153,25
2026-03-08,해태제과,H041,해태과자041,G마켓,1134,1183,49
2026-03-08,해태제과,H041,해태과자041,네이버쇼핑,1150,1183,33
2026-03-08,해태제과,H041,해태과자041,컬리,1172,1183,11
2026-03-08,해태제과,H041,해태과자041,SSG,1173,1183,10
2026-03-08,해태제과,H042,해태과자042,네이버쇼핑,1133,1147,14
2026-03-08,해태제과,H043,해태과자043,네이버쇼핑,1133,1181,48
2026-03-08,해태제과,H043,해태과자043,G마켓,1150,1181,31
2026-03-08,해태제과,H044,해태과자044,네이버쇼핑,1147,1184,37
2026-03-08,해태제과,H044,해태과자044,SSG,1177,1184,7
2026-03-08,해태제과,H045,해태과자045,네이버쇼핑,1175,1193,18
2026-03-08,해태제과,H046,해태과자046,네이버쇼핑,1152,1180,28
2026-03-08,해태제과,H047,해태과자047,네이버쇼핑,1168,1172,4
2026-03-08,해태제과,H048,해태과자048,네이버쇼핑,1186,1215,29
2026-03-08,해태제과,H049,해태과자049,네이버쇼핑,828,840,12
2026-03-08,롯데,L000,롯데과자000,G마켓,862,891,29
2026-03-08,롯데,L000,롯데과자000,컬리,882,891,9
2026-03-08,롯데,L001,롯데과자001,네이버쇼핑,881,903,22
2026-03-08,롯데,L001,롯데과자001,SSG,882,903,21
2026-03-08,롯데,L001,롯데과자001,G마켓,897,903,6
2026-03-08,롯데,L002,롯데과자002,G마켓,857,887,30
2026-03-08,롯데,L002,롯데과자002,네이버쇼핑,862,887,25
2026-03-08,롯데,L002,롯데과자002,컬리,886,887,1
2026-03-08,롯데,L003,롯데과자003,G마켓,869,918,49
2026-03-08,롯데,L003,롯데과자003,네이버쇼핑,884,918,34
2026-03-08,롯데,L003,롯데과자003,SSG,906,918,12
2026-03-08,롯데,L003,롯데과자003,컬리,908,918,10
2026-03-08,롯데,L004,롯데과자004,네이버쇼핑,876,890,14
2026-03-08,롯데,L005,롯데과자005,네이버쇼핑,874,922,48
2026-03-08,롯데,L005,롯데과자005,G마켓,892,922,30
2026-03-08,롯데,L006,롯데과자006,네이버쇼핑,887,927,40
2026-03-08,롯데,L006,롯데과자006,SSG,918,927,9
2026-03-08,롯데,L007,롯데과자007,네이버쇼핑,911,929,18
2026-03-08,롯데,L008,롯데과자008,네이버쇼핑,886,913,27
2026-03-08,롯데,L009,롯데과자009,네이버쇼핑,903,905,2
2026-03-08,롯데,L010,롯데과자010,G마켓,918,941,23
2026-03-08,롯데,L010,롯데과자010,네이버쇼핑,923,941,18
2026-03-08,롯데,L012,롯데과자012,G마켓,947,986,39
2026-03-08,롯데,L012,롯데과자012,네이버쇼핑,977,986,9
2026-03-08,롯데,L012,롯데과자012,컬리,980,986,6
2026-03-08,롯데,L017,롯데과자017,G마켓,970,992,22
2026-03-08,롯데,L017,롯데과자017,네이버쇼핑,985,992,7
2026-03-08,롯데,L018,롯데과자018,G마켓,993,1025,32
2026-03-08,롯데,L020,롯데과자020,네이버쇼핑,983,1010,27
2026-03-08,롯데,L022,롯데과자022,SSG,1008,1025,17
2026-03-08,롯데,L023,롯데과자023,SSG,1015,1030,15
2026-03-08,롯데,L028,롯데과자028,네이버쇼핑,1036,1062,26
2026-03-08,롯데,L029,롯데과자029,네이버쇼핑,1068,1071,3
2026-03-08,롯데,L030,롯데과자030,SSG,1071,1076,5
2026-03-08,롯데,L030,롯데과자030,G마켓,1072,1076,4
2026-03-08,롯데,L031,롯데과자031,네이버쇼핑,1066,1067,1
2026-03-08,롯데,L032,롯데과자032,네이버쇼핑,1058,1082,24
2026-03-08,롯데,L033,롯데과자033,G마켓,1078,1103,25
2026-03-08,롯데,L034,롯데과자034,G마켓,1091,1094,3
2026-03-08,롯데,L036,롯데과자036,네이버쇼핑,1111,1142,31
2026-03-08,롯데,L036,롯데과자036,SSG,1118,1142,24
2026-03-08,롯데,L037,롯데과자037,네이버쇼핑,1090,1153,63
2026-03-08,롯데,L037,롯데과자037,SSG,1122,1153,31
2026-03-08,롯데,L037,롯데과자037,컬리,1145,1153,8
2026-03-08,롯데,L037,롯데과자037,G마켓,1148,1153,5
2026-03-08,롯데,L038,롯데과자038,네이버쇼핑,1117,1160,43
2026-03-08,롯데,L038,롯데과자038,G마켓,1148,1160,12
2026-03-08,롯데,L039,롯데과자039,네이버쇼핑,1142,1146,4
2026-03-08,롯데,L040,롯데과자040,G마켓,1129,1180,51
2026-03-08,롯데,L040,롯데과자040,네이버쇼핑,1145,1180,35
2026-03-08,롯데,L040,롯데과자040,SSG,1167,1180,13
2026-03-08,롯데,L040,롯데과자040,컬리,1169,1180,11
2026-03-08,롯데,L041,롯데과자041,네이버쇼핑,1136,1149,13
2026-03-08,롯데,L042,롯데과자042,네이버쇼핑,1126,1177,51
2026-03-08,롯데,L042,롯데과자042,G마켓,1145,1177,32
2026-03-08,롯데,L043,롯데과자043,네이버쇼핑,1140,1179,39
2026-03-08,롯데,L043,롯데과자043,SSG,1171,1179,8
2026-03-08,롯데,L044,롯데과자044,네이버쇼핑,1172,1188,16
2026-03-08,롯데,L045,롯데과자045,네이버쇼핑,1149,1174,25
2026-03-08,롯데,L046,롯데과자046,네이버쇼핑,1164,1167,3
2026-03-08,롯데,L047,롯데과자047,네이버쇼핑,1179,1212,33
2026-03-08,롯데,L048,롯데과자048,네이버쇼핑,1182,1192,10
2026-03-08,농심,N001,농심과자001,네이버쇼핑,843,870,27
2026-03-08,농심,N003,농심과자003,SSG,875,893,18
2026-03-08,농심,N004,농심과자004,SSG,884,896,12
2026-03-08,농심,N009,농심과자009,네이버쇼핑,904,929,25
2026-03-08,농심,N011,농심과자011,SSG,939,941,2
2026-03-08,농심,N011,농심과자011,G마켓,940,941,1
2026-03-08,농심,N012,농심과자012,네이버쇼핑,933,936,3
2026-03-08,농심,N013,농심과자013,네이버쇼핑,925,947,22
2026-03-08,농심,N014,농심과자014,G마켓,938,962,24
2026-03-08,농심,N015,농심과자015,G마켓,952,955,3
2026-03-08,농심,N017,농심과자017,네이버쇼핑,979,1008,29
2026-03-08,농심,N017,농심과자017,SSG,984,1008,24
2026-03-08,농심,N018,농심과자018,네이버쇼핑,958,1019,61
2026-03-08,농심,N018,농심과자018,SSG,988,1019,31
2026-03-08,농심,N018,농심과자018,컬리,1012,1019,7
2026-03-08,농심,N018,농심과자018,G마켓,1017,1019,2
2026-03-08,농심,N019,농심과자019,네이버쇼핑,982,1027,45
2026-03-08,농심,N019,농심과자019,G마켓,1014,1027,13
2026-03-08,농심,N020,농심과자020,G마켓,985,1015,30
2026-03-08,농심,N020,농심과자020,네이버쇼핑,989,1015,26
2026-03-08,농심,N021,농심과자021,G마켓,988,1039,51
2026-03-08,농심,N021,농심과자021,네이버쇼핑,1006,1039,33
2026-03-08,농심,N021,농심과자021,SSG,1027,1039,12
2026-03-08,농심,N021,농심과자021,컬리,1029,1039,10
2026-03-08,농심,N022,농심과자022,네이버쇼핑,995,1010,15
2026-03-08,농심,N023,농심과자023,네이버쇼핑,994,1042,48
2026-03-08,농심,N023,농심과자023,G마켓,1013,1042,29
2026-03-08,농심,N024,농심과자024,네이버쇼핑,1009,1047,38
2026-03-08,농심,N024,농심과자024,SSG,1039,1047,8
2026-03-08,농심,N025,농심과자025,네이버쇼핑,1039,1057,18
2026-03-08,농심,N026,농심과자026,네이버쇼핑,1015,1042,27
2026-03-08,농심,N027,농심과자027,네이버쇼핑,1031,1033,2
2026-03-08,농심,N028,농심과자028,네이버쇼핑,1040,1070,30
2026-03-08,농심,N029,농심과자029,네이버쇼핑,1041,1052,11
2026-03-08,농심,N030,농심과자030,G마켓,1067,1108,41
2026-03-08,농심,N030,농심과자030,네이버쇼핑,1098,1108,10
2026-03-08,농심,N030,농심과자030,컬리,1102,1108,6
2026-03-08,농심,N035,농심과자035,G마켓,1091,1112,21
2026-03-08,농심,N035,농심과자035,네이버쇼핑,1105,1112,7
2026-03-08,농심,N036,농심과자036,G마켓,1116,1146,30
2026-03-08,농심,N039,농심과자039,네이버쇼핑,1130,1159,29
2026-03-08,농심,N040,농심과자040,SSG,1138,1153,15
2026-03-08,농심,N041,농심과자041,SSG,1145,1156,11
2026-03-08,농심,N044,농심과자044,네이버쇼핑,1156,1157,1
2026-03-08,농심,N046,농심과자046,네이버쇼핑,1164,1188,24
2026-03-08,농심,N047,농심과자047,네이버쇼핑,1197,1199,2
2026-03-08,농심,N048,농심과자048,네이버쇼핑,1168,1211,43
2026-03-08,농심,N049,농심과자049,네이버쇼핑,815,858,43
2026-03-08,오리온,O000,오리온과자000,G마켓,843,866,23
2026-03-08,오리온,O000,오리온과자000,네이버쇼핑,846,866,20
2026-03-08,오리온,O002,오리온과자002,G마켓,868,910,42
2026-03-08,오리온,O002,오리온과자002,네이버쇼핑,901,910,9
2026-03-08,오리온,O002,오리온과자002,컬리,905,910,5
2026-03-08,오리온,O007,오리온과자007,G마켓,892,915,23
2026-03-08,오리온,O007,오리온과자007,네이버쇼핑,907,915,8
2026-03-08,오리온,O008,오리온과자008,G마켓,916,950,34
2026-03-08,오리온,O008,오리온과자008,SSG,948,950,2
2026-03-08,오리온,O010,오리온과자010,네이버쇼핑,907,934,27
2026-03-08,오리온,O012,오리온과자012,SSG,938,957,19
2026-03-08,오리온,O013,오리온과자013,SSG,947,959,12
2026-03-08,오리온,O016,오리온과자016,네이버쇼핑,957,959,2
2026-03-08,오리온,O018,오리온과자018,네이버쇼핑,968,991,23
2026-03-08,오리온,O019,오리온과자019,네이버쇼핑,999,1000,1
2026-03-08,오리온,O020,오리온과자020,SSG,1001,1004,3
2026-03-08,오리온,O020,오리온과자020,G마켓,1002,1004,2
2026-03-08,오리온,O021,오리온과자021,네이버쇼핑,988,991,3
2026-03-08,오리온,O022,오리온과자022,네이버쇼핑,981,1003,22
2026-03-08,오리온,O023,오리온과자023,G마켓,1002,1026,24
2026-03-08,오리온,O024,오리온과자024,G마켓,1016,1017,1
2026-03-08,오리온,O026,오리온과자026,네이버쇼핑,1042,1072,30
2026-03-08,오리온,O026,오리온과자026,SSG,1048,1072,24
2026-03-08,오리온,O027,오리온과자027,네이버쇼핑,1021,1081,60
2026-03-08,오리온,O027,오리온과자027,SSG,1051,1081,30
2026-03-08,오리온,O027,오리온과자027,컬리,1076,1081,5
2026-03-08,오리온,O027,오리온과자027,G마켓,1080,1081,1
2026-03-08,오리온,O028,오리온과자028,네이버쇼핑,1040,1083,43
2026-03-08,오리온,O028,오리온과자028,G마켓,1071,1083,12
2026-03-08,오리온,O029,오리온과자029,네이버쇼핑,1065,1070,5
2026-03-08,오리온,O030,오리온과자030,G마켓,1051,1102,51
2026-03-08,오리온,O030,오리온과자030,네이버쇼핑,1069,1102,33
2026-03-08,오리온,O030,오리온과자030,컬리,1090,1102,12
2026-03-08,오리온,O030,오리온과자030,SSG,1091,1102,11
2026-03-08,오리온,O031,오리온과자031,네이버쇼핑,1058,1074,16
2026-03-08,오리온,O032,오리온과자032,네이버쇼핑,1056,1106,50
2026-03-08,오리온,O032,오리온과자032,G마켓,1076,1106,30
2026-03-08,오리온,O033,오리온과자033,네이버쇼핑,1071,1109,38
2026-03-08,오리온,O033,오리온과자033,SSG,1103,1109,6
2026-03-08,오리온,O034,오리온과자034,네이버쇼핑,1101,1118,17
2026-03-08,오리온,O035,오리온과자035,네이버쇼핑,1070,1098,28
2026-03-08,오리온,O036,오리온과자036,네이버쇼핑,1087,1088,1
2026-03-08,오리온,O037,오리온과자037,네이버쇼핑,1102,1133,31
2026-03-08,오리온,O038,오리온과자038,네이버쇼핑,1105,1116,11
2026-03-08,오리온,O044,오리온과자044,G마켓,1154,1176,22
2026-03-08,오리온,O044,오리온과자044,네이버쇼핑,1169,1176,7
2026-03-08,오리온,O045,오리온과자045,G마켓,1178,1209,31
2026-03-08,오리온,O048,오리온과자048,네이버쇼핑,1193,1221,28
2026-03-08,오리온,O049,오리온과자049,네이버쇼핑,846,887,41
2026-03-08,오리온,O049,오리온과자049,컬리,856,887,31
2026-03-08,오리온,O049,오리온과자049,SSG,857,887,30
2026-03-08,오리온,O049,오리온과자049,G마켓,881,887,6
2026-03-09,빙그레,B000,빙그레과자000,SSG,855,858,3
2026-03-09,빙그레,B001,빙그레과자001,G마켓,869,871,2
2026-03-09,빙그레,B002,빙그레과자002,네이버쇼핑,852,876,24
2026-03-09,빙그레,B004,빙그레과자004,네이버쇼핑,870,900,30
2026-03-09,빙그레,B006,빙그레과자006,SSG,903,921,18
2026-03-09,빙그레,B007,빙그레과자007,SSG,904,916,12
2026-03-09,빙그레,B010,빙그레과자010,네이버쇼핑,922,940,18
2026-03-09,빙그레,B010,빙그레과자010,SSG,923,940,17
2026-03-09,빙그레,B011,빙그레과자011,네이버쇼핑,908,950,42
2026-03-09,빙그레,B011,빙그레과자011,G마켓,948,950,2
2026-03-09,빙그레,B012,빙그레과자012,G마켓,945,977,32
2026-03-09,빙그레,B014,빙그레과자014,G마켓,960,962,2
2026-03-09,빙그레,B014,빙그레과자014,SSG,961,962,1
2026-03-09,빙그레,B015,빙그레과자015,네이버쇼핑,952,957,5
2026-03-09,빙그레,B016,빙그레과자016,네이버쇼핑,948,969,21
2026-03-09,빙그레,B017,빙그레과자017,G마켓,966,990,24
2026-03-09,빙그레,B018,빙그레과자018,G마켓,979,983,4
2026-03-09,빙그레,B020,빙그레과자020,G마켓,999,1030,31
2026-03-09,빙그레,B020,빙그레과자020,SSG,1021,1030,9
2026-03-09,빙그레,B020,빙그레과자020,네이버쇼핑,1023,1030,7
2026-03-09,빙그레,B021,빙그레과자021,G마켓,1010,1040,30
2026-03-09,빙그레,B021,빙그레과자021,컬리,1031,1040,9
2026-03-09,빙그레,B022,빙그레과자022,네이버쇼핑,1029,1052,23
2026-03-09,빙그레,B022,빙그레과자022,SSG,1031,1052,21
2026-03-09,빙그레,B022,빙그레과자022,G마켓,1048,1052,4
2026-03-09,빙그레,B023,빙그레과자023,G마켓,1007,1037,30
2026-03-09,빙그레,B023,빙그레과자023,네이버쇼핑,1010,1037,27
2026-03-09,빙그레,B024,빙그레과자024,G마켓,1017,1066,49
2026-03-09,빙그레,B024,빙그레과자024,네이버쇼핑,1032,1066,34
2026-03-09,빙그레,B024,빙그레과자024,SSG,1055,1066,11
2026-03-09,빙그레,B024,빙그레과자024,컬리,1057,1066,9
2026-03-09,빙그레,B025,빙그레과자025,네이버쇼핑,1025,1039,14
2026-03-09,빙그레,B026,빙그레과자026,네이버쇼핑,1021,1070,49
2026-03-09,빙그레,B026,빙그레과자026,G마켓,1039,1070,31
2026-03-09,빙그레,B027,빙그레과자027,네이버쇼핑,1035,1076,41
2026-03-09,빙그레,B027,빙그레과자027,SSG,1068,1076,8
2026-03-09,빙그레,B028,빙그레과자028,네이버쇼핑,1059,1076,17
2026-03-09,빙그레,B029,빙그레과자029,네이버쇼핑,1034,1062,28
2026-03-09,빙그레,B030,빙그레과자030,네이버쇼핑,1060,1100,40
2026-03-09,빙그레,B031,빙그레과자031,G마켓,1068,1090,22
2026-03-09,빙그레,B031,빙그레과자031,네이버쇼핑,1073,1090,17
2026-03-09,빙그레,B033,빙그레과자033,G마켓,1094,1136,42
2026-03-09,빙그레,B033,빙그레과자033,네이버쇼핑,1127,1136,9
2026-03-09,빙그레,B033,빙그레과자033,컬리,1130,1136,6
2026-03-09,빙그레,B038,빙그레과자038,G마켓,1120,1139,19
2026-03-09,빙그레,B038,빙그레과자038,네이버쇼핑,1132,1139,7
2026-03-09,빙그레,B039,빙그레과자039,G마켓,1143,1175,32
2026-03-09,빙그레,B041,빙그레과자041,네이버쇼핑,1132,1161,29
2026-03-09,빙그레,B043,빙그레과자043,SSG,1157,1176,19
2026-03-09,빙그레,B044,빙그레과자044,SSG,1164,1177,13
2026-03-09,빙그레,B049,빙그레과자049,네이버쇼핑,834,858,24
2026-03-09,해태제과,H000,해태과자000,G마켓,851,880,29
2026-03-09,해태제과,H000,해태과자000,SSG,872,880,8
2026-03-09,해태제과,H000,해태과자000,네이버쇼핑,873,880,7
2026-03-09,해태제과,H001,해태과자001,G마켓,870,897,27
2026-03-09,해태제과,H001,해태과자001,컬리,890,897,7
2026-03-09,해태제과,H002,해태과자002,네이버쇼핑,888,910,22
2026-03-09,해태제과,H002,해태과자002,SSG,889,910,21
2026-03-09,해태제과,H002,해태과자002,G마켓,905,910,5
2026-03-09,해태제과,H003,해태과자003,G마켓,866,896,30
2026-03-09,해태제과,H003,해태과자003,네이버쇼핑,869,896,27
2026-03-09,해태제과,H004,해태과자004,G마켓,877,927,50
2026-03-09,해태제과,H004,해태과자004,네이버쇼핑,892,927,35
2026-03-09,해태제과,H004,해태과자004,SSG,915,927,12
2026-03-09,해태제과,H004,해태과자004,컬리,916,927,11
2026-03-09,해태제과,H005,해태과자005,네이버쇼핑,882,896,14
2026-03-09,해태제과,H006,해태과자006,네이버쇼핑,881,930,49
2026-03-09,해태제과,H006,해태과자006,G마켓,899,930,31
2026-03-09,해태제과,H007,해태과자007,네이버쇼핑,887,926,39
2026-03-09,해태제과,H007,해태과자007,SSG,920,926,6
2026-03-09,해태제과,H008,해태과자008,네이버쇼핑,917,934,17
2026-03-09,해태제과,H009,해태과자009,네이버쇼핑,895,922,27
2026-03-09,해태제과,H010,해태과자010,네이버쇼핑,917,959,42
2026-03-09,해태제과,H011,해태과자011,G마켓,928,949,21
2026-03-09,해태제과,H011,해태과자011,네이버쇼핑,932,949,17
2026-03-09,해태제과,H013,해태과자013,G마켓,954,993,39
2026-03-09,해태제과,H013,해태과자013,네이버쇼핑,985,993,8
2026-03-09,해태제과,H013,해태과자013,컬리,988,993,5
2026-03-09,해태제과,H018,해태과자018,G마켓,978,999,21
2026-03-09,해태제과,H018,해태과자018,네이버쇼핑,992,999,7
2026-03-09,해태제과,H019,해태과자019,G마켓,1002,1034,32
2026-03-09,해태제과,H019,해태과자019,SSG,1033,1034,1
2026-03-09,해태제과,H021,해태과자021,네이버쇼핑,983,1010,27
2026-03-09,해태제과,H023,해태과자023,SSG,1018,1034,16
2026-03-09,해태제과,H024,해태과자024,SSG,1023,1036,13
2026-03-09,해태제과,H027,해태과자027,네이버쇼핑,1041,1044,3
2026-03-09,해태제과,H029,해태과자029,네이버쇼핑,1045,1068,23
2026-03-09,해태제과,H031,해태과자031,SSG,1080,1084,4
2026-03-09,해태제과,H031,해태과자031,G마켓,1081,1084,3
2026-03-09,해태제과,H032,해태과자032,네이버쇼핑,1072,1075,3
2026-03-09,해태제과,H033,해태과자033,네이버쇼핑,1066,1090,24
2026-03-09,해태제과,H034,해태과자034,G마켓,1087,1110,23
2026-03-09,해태제과,H035,해태과자035,G마켓,1092,1096,4
2026-03-09,해태제과,H037,해태과자037,네이버쇼핑,1120,1150,30
2026-03-09,해태제과,H037,해태과자037,SSG,1126,1150,24
2026-03-09,해태제과,H038,해태과자038,네이버쇼핑,1097,1160,63
2026-03-09,해태제과,H038,해태과자038,SSG,1128,1160,32
2026-03-09,해태제과,H038,해태과자038,컬리,1154,1160,6
2026-03-09,해태제과,H038,해태과자038,G마켓,1157,1160,3
2026-03-09,해태제과,H039,해태과자039,네이버쇼핑,1124,1167,43
2026-03-09,해태제과,H039,해태과자039,G마켓,1156,1167,11
2026-03-09,해태제과,H040,해태과자040,G마켓,1127,1156,29
2026-03-09,해태제과,H040,해태과자040,네이버쇼핑,1129,1156,27
2026-03-09,해태제과,H041,해태과자041,G마켓,1138,1188,50
2026-03-09,해태제과,H041,해태과자041,네이버쇼핑,1152,1188,36
2026-03-09,해태제과,H041,해태과자041,SSG,1175,1188,13
2026-03-09,해태제과,H041,해태과자041,컬리,1177,1188,11
2026-03-09,해태제과,H042,해태과자042,네이버쇼핑,1135,1151,16
2026-03-09,해태제과,H043,해태과자043,네이버쇼핑,1133,1183,50
2026-03-09,해태제과,H043,해태과자043,G마켓,1154,1183,29
2026-03-09,해태제과,H044,해태과자044,네이버쇼핑,1149,1188,39
2026-03-09,해태제과,H044,해태과자044,SSG,1181,1188,7
2026-03-09,해태제과,H045,해태과자045,네이버쇼핑,1179,1197,18
2026-03-09,해태제과,H046,해태과자046,네이버쇼핑,1154,1183,29
2026-03-09,해태제과,H047,해태과자047,네이버쇼핑,1172,1173,1
2026-03-09,해태제과,H048,해태과자048,네이버쇼핑,1187,1220,33
2026-03-09,해태제과,H049,해태과자049,네이버쇼핑,831,843,12
2026-03-09,롯데,L000,롯데과자000,G마켓,863,894,31
2026-03-09,롯데,L000,롯데과자000,컬리,885,894,9
2026-03-09,롯데,L001,롯데과자001,네이버쇼핑,882,906,24
2026-03-09,롯데,L001,롯데과자001,SSG,885,906,21
2026-03-09,롯데,L001,롯데과자001,G마켓,902,906,4
2026-03-09,롯데,L002,롯데과자002,G마켓,860,889,29
2026-03-09,롯데,L002,롯데과자002,네이버쇼핑,865,889,24
2026-03-09,롯데,L003,롯데과자003,G마켓,870,921,51
2026-03-09,롯데,L003,롯데과자003,네이버쇼핑,886,921,35
2026-03-09,롯데,L003,롯데과자003,SSG,908,921,13
2026-03-09,롯데,L003,롯데과자003,컬리,910,921,11
2026-03-09,롯데,L004,롯데과자004,네이버쇼핑,879,891,12
2026-03-09,롯데,L005,롯데과자005,네이버쇼핑,876,925,49
2026-03-09,롯데,L005,롯데과자005,G마켓,894,925,31
2026-03-09,롯데,L006,롯데과자006,네이버쇼핑,890,930,40
2026-03-09,롯데,L006,롯데과자006,SSG,921,930,9
2026-03-09,롯데,L007,롯데과자007,네이버쇼핑,911,932,21
2026-03-09,롯데,L008,롯데과자008,네이버쇼핑,890,917,27
2026-03-09,롯데,L009,롯데과자009,네이버쇼핑,905,907,2
2026-03-09,롯데,L010,롯데과자010,G마켓,923,944,21
2026-03-09,롯데,L010,롯데과자010,네이버쇼핑,926,944,18
2026-03-09,롯데,L012,롯데과자012,G마켓,949,990,41
2026-03-09,롯데,L012,롯데과자012,네이버쇼핑,980,990,10
2026-03-09,롯데,L012,롯데과자012,컬리,986,990,4
2026-03-09,롯데,L017,롯데과자017,G마켓,974,994,20
2026-03-09,롯데,L017,롯데과자017,네이버쇼핑,987,994,7
2026-03-09,롯데,L018,롯데과자018,G마켓,998,1030,32
2026-03-09,롯데,L018,롯데과자018,SSG,1029,1030,1
2026-03-09,롯데,L020,롯데과자020,네이버쇼핑,987,1013,26
2026-03-09,롯데,L022,롯데과자022,SSG,1011,1030,19
2026-03-09,롯데,L023,롯데과자023,SSG,1019,1033,14
2026-03-09,롯데,L026,롯데과자026,네이버쇼핑,1036,1037,1
2026-03-09,롯데,L028,롯데과자028,네이버쇼핑,1038,1063,25
2026-03-09,롯데,L029,롯데과자029,네이버쇼핑,1070,1075,5
2026-03-09,롯데,L030,롯데과자030,SSG,1075,1079,4
2026-03-09,롯데,L030,롯데과자030,G마켓,1076,1079,3
2026-03-09,롯데,L031,롯데과자031,네이버쇼핑,1069,1072,3
2026-03-09,롯데,L032,롯데과자032,네이버쇼핑,1061,1084,23
2026-03-09,롯데,L033,롯데과자033,G마켓,1080,1104,24
2026-03-09,롯데,L034,롯데과자034,G마켓,1094,1097,3
2026-03-09,롯데,L036,롯데과자036,네이버쇼핑,1116,1143,27
2026-03-09,롯데,L036,롯데과자036,SSG,1121,1143,22
2026-03-09,롯데,L037,롯데과자037,네이버쇼핑,1092,1156,64
2026-03-09,롯데,L037,롯데과자037,SSG,1123,1156,33
2026-03-09,롯데,L037,롯데과자037,컬리,1149,1156,7
2026-03-09,롯데,L037,롯데과자037,G마켓,1153,1156,3
2026-03-09,롯데,L038,롯데과자038,네이버쇼핑,1118,1162,44
2026-03-09,롯데,L038,롯데과자038,G마켓,1151,1162,11
2026-03-09,롯데,L039,롯데과자039,네이버쇼핑,1145,1150,5
2026-03-09,롯데,L040,롯데과자040,G마켓,1131,1181,50
2026-03-09,롯데,L040,롯데과자040,네이버쇼핑,1148,1181,33
2026-03-09,롯데,L040,롯데과자040,SSG,1169,1181,12
2026-03-09,롯데,L040,롯데과자040,컬리,1172,1181,9
2026-03-09,롯데,L041,롯데과자041,네이버쇼핑,1138,1152,14
2026-03-09,롯데,L042,롯데과자042,네이버쇼핑,1130,1179,49
2026-03-09,롯데,L042,롯데과자042,G마켓,1149,1179,30
2026-03-09,롯데,L043,롯데과자043,네이버쇼핑,1144,1182,38
2026-03-09,롯데,L043,롯데과자043,SSG,1176,1182,6
2026-03-09,롯데,L044,롯데과자044,네이버쇼핑,1175,1193,18
2026-03-09,롯데,L045,롯데과자045,네이버쇼핑,1152,1179,27
2026-03-09,롯데,L046,롯데과자046,네이버쇼핑,1167,1168,1
2026-03-09,롯데,L047,롯데과자047,네이버쇼핑,1182,1213,31
2026-03-09,롯데,L048,롯데과자048,네이버쇼핑,1183,1197,14
2026-03-09,농심,N001,농심과자001,네이버쇼핑,846,874,28
2026-03-09,농심,N003,농심과자003,SSG,880,895,15
2026-03-09,농심,N004,농심과자004,SSG,886,899,13
2026-03-09,농심,N007,농심과자007,네이버쇼핑,897,898,1
2026-03-09,농심,N009,농심과자009,네이버쇼핑,906,932,26
2026-03-09,농심,N011,농심과자011,SSG,941,945,4
2026-03-09,농심,N011,농심과자011,G마켓,943,945,2
2026-03-09,농심,N012,농심과자012,네이버쇼핑,935,938,3
2026-03-09,농심,N013,농심과자013,네이버쇼핑,928,952,24
2026-03-09,농심,N014,농심과자014,G마켓,940,965,25
2026-03-09,농심,N015,농심과자015,G마켓,956,958,2
2026-03-09,농심,N017,농심과자017,네이버쇼핑,982,1011,29
2026-03-09,농심,N017,농심과자017,SSG,988,1011,23
2026-03-09,농심,N018,농심과자018,네이버쇼핑,961,1023,62
2026-03-09,농심,N018,농심과자018,SSG,991,1023,32
2026-03-09,농심,N018,농심과자018,컬리,1017,1023,6
2026-03-09,농심,N018,농심과자018,G마켓,1020,1023,3
2026-03-09,농심,N019,농심과자019,네이버쇼핑,987,1028,41
2026-03-09,농심,N019,농심과자019,G마켓,1019,1028,9
2026-03-09,농심,N020,농심과자020,G마켓,989,1019,30
2026-03-09,농심,N020,농심과자020,네이버쇼핑,992,1019,27
2026-03-09,농심,N020,농심과자020,컬리,1018,1019,1
2026-03-09,농심,N021,농심과자021,G마켓,990,1040,50
2026-03-09,농심,N021,농심과자021,네이버쇼핑,1007,1040,33
2026-03-09,농심,N021,농심과자021,SSG,1030,1040,10
2026-03-09,농심,N021,농심과자021,컬리,1031,1040,9
2026-03-09,농심,N022,농심과자022,네이버쇼핑,999,1012,13
2026-03-09,농심,N023,농심과자023,네이버쇼핑,997,1047,50
2026-03-09,농심,N023,농심과자023,G마켓,1016,1047,31
2026-03-09,농심,N024,농심과자024,네이버쇼핑,1012,1051,39
2026-03-09,농심,N024,농심과자024,SSG,1042,1051,9
2026-03-09,농심,N025,농심과자025,네이버쇼핑,1040,1059,19
2026-03-09,농심,N026,농심과자026,네이버쇼핑,1017,1044,27
2026-03-09,농심,N027,농심과자027,네이버쇼핑,1034,1035,1
2026-03-09,농심,N028,농심과자028,네이버쇼핑,1041,1073,32
2026-03-09,농심,N029,농심과자029,네이버쇼핑,1043,1056,13
2026-03-09,농심,N030,농심과자030,G마켓,1070,1109,39
2026-03-09,농심,N030,농심과자030,네이버쇼핑,1100,1109,9
2026-03-09,농심,N030,농심과자030,컬리,1105,1109,4
2026-03-09,농심,N035,농심과자035,G마켓,1094,1115,21
2026-03-09,농심,N035,농심과자035,네이버쇼핑,1106,1115,9
2026-03-09,농심,N036,농심과자036,G마켓,1119,1150,31
2026-03-09,농심,N036,농심과자036,SSG,1149,1150,1
2026-03-09,농심,N039,농심과자039,네이버쇼핑,1131,1161,30
2026-03-09,농심,N040,농심과자040,SSG,1139,1156,17
2026-03-09,농심,N041,농심과자041,SSG,1148,1161,13
2026-03-09,농심,N044,농심과자044,네이버쇼핑,1158,1160,2
2026-03-09,농심,N046,농심과자046,네이버쇼핑,1167,1192,25
2026-03-09,농심,N048,농심과자048,네이버쇼핑,1173,1214,41
2026-03-09,농심,N049,농심과자049,네이버쇼핑,819,860,41
2026-03-09,오리온,O000,오리온과자000,G마켓,845,866,21
2026-03-09,오리온,O000,오리온과자000,네이버쇼핑,849,866,17
2026-03-09,오리온,O002,오리온과자002,G마켓,870,910,40
2026-03-09,오리온,O002,오리온과자002,네이버쇼핑,903,910,7
2026-03-09,오리온,O002,오리온과자002,컬리,906,910,4
2026-03-09,오리온,O007,오리온과자007,G마켓,895,915,20
2026-03-09,오리온,O007,오리온과자007,네이버쇼핑,909,915,6
2026-03-09,오리온,O008,오리온과자008,G마켓,919,951,32
2026-03-09,오리온,O008,오리온과자008,SSG,950,951,1
2026-03-09,오리온,O010,오리온과자010,네이버쇼핑,908,938,30
2026-03-09,오리온,O012,오리온과자012,SSG,943,958,15
2026-03-09,오리온,O013,오리온과자013,SSG,949,963,14
2026-03-09,오리온,O016,오리온과자016,네이버쇼핑,958,961,3
2026-03-09,오리온,O018,오리온과자018,네이버쇼핑,969,993,24
2026-03-09,오리온,O019,오리온과자019,네이버쇼핑,1000,1005,5
2026-03-09,오리온,O020,오리온과자020,G마켓,1004,1008,4
2026-03-09,오리온,O020,오리온과자020,SSG,1006,1008,2
2026-03-09,오리온,O021,오리온과자021,네이버쇼핑,990,994,4
2026-03-09,오리온,O022,오리온과자022,네이버쇼핑,983,1005,22
2026-03-09,오리온,O023,오리온과자023,G마켓,1004,1027,23
2026-03-09,오리온,O024,오리온과자024,G마켓,1019,1022,3
2026-03-09,오리온,O026,오리온과자026,네이버쇼핑,1046,1073,27
2026-03-09,오리온,O026,오리온과자026,SSG,1052,1073,21
2026-03-09,오리온,O027,오리온과자027,네이버쇼핑,1023,1085,62
2026-03-09,오리온,O027,오리온과자027,SSG,1053,1085,32
2026-03-09,오리온,O027,오리온과자027,컬리,1080,1085,5
2026-03-09,오리온,O027,오리온과자027,G마켓,1083,1085,2
2026-03-09,오리온,O028,오리온과자028,네이버쇼핑,1040,1084,44
2026-03-09,오리온,O028,오리온과자028,G마켓,1073,1084,11
2026-03-09,오리온,O029,오리온과자029,네이버쇼핑,1069,1072,3
2026-03-09,오리온,O030,오리온과자030,G마켓,1056,1104,48
2026-03-09,오리온,O030,오리온과자030,네이버쇼핑,1071,1104,33
2026-03-09,오리온,O030,오리온과자030,SSG,1094,1104,10
2026-03-09,오리온,O030,오리온과자030,컬리,1094,1104,10
2026-03-09,오리온,O031,오리온과자031,네이버쇼핑,1060,1076,16
2026-03-09,오리온,O032,오리온과자032,네이버쇼핑,1059,1109,50
2026-03-09,오리온,O032,오리온과자032,G마켓,1077,1109,32
2026-03-09,오리온,O033,오리온과자033,네이버쇼핑,1072,1113,41
2026-03-09,오리온,O033,오리온과자033,SSG,1106,1113,7
2026-03-09,오리온,O034,오리온과자034,네이버쇼핑,1104,1121,17
2026-03-09,오리온,O035,오리온과자035,네이버쇼핑,1074,1101,27
2026-03-09,오리온,O036,오리온과자036,네이버쇼핑,1088,1091,3
2026-03-09,오리온,O037,오리온과자037,네이버쇼핑,1106,1137,31
2026-03-09,오리온,O038,오리온과자038,네이버쇼핑,1107,1118,11
2026-03-09,오리온,O044,오리온과자044,G마켓,1156,1177,21
2026-03-09,오리온,O044,오리온과자044,네이버쇼핑,1171,1177,6
2026-03-09,오리온,O045,오리온과자045,G마켓,1181,1214,33
2026-03-09,오리온,O045,오리온과자045,SSG,1212,1214,2
2026-03-09,오리온,O048,오리온과자048,네이버쇼핑,1196,1224,28
2026-03-09,오리온,O049,오리온과자049,네이버쇼핑,846,889,43
2026-03-09,오리온,O049,오리온과자049,SSG,859,889,30
2026-03-09,오리온,O049,오리온과자049,컬리,859,889,30
2026-03-09,오리온,O049,오리온과자049,G마켓,883,889,6
2026-03-10,빙그레,B000,빙그레과자000,SSG,858,861,3
2026-03-10,빙그레,B001,빙그레과자001,G마켓,871,872,1
2026-03-10,빙그레,B002,빙그레과자002,네이버쇼핑,854,877,23
2026-03-10,빙그레,B004,빙그레과자004,네이버쇼핑,873,902,29
2026-03-10,빙그레,B006,빙그레과자006,SSG,909,923,14
2026-03-10,빙그레,B007,빙그레과자007,SSG,907,919,12
2026-03-10,빙그레,B010,빙그레과자010,네이버쇼핑,925,942,17
2026-03-10,빙그레,B010,빙그레과자010,SSG,926,942,16
2026-03-10,빙그레,B011,빙그레과자011,네이버쇼핑,910,953,43
2026-03-10,빙그레,B011,빙그레과자011,G마켓,949,953,4
2026-03-10,빙그레,B012,빙그레과자012,G마켓,946,980,34
2026-03-10,빙그레,B014,빙그레과자014,G마켓,962,965,3
2026-03-10,빙그레,B014,빙그레과자014,SSG,962,965,3
2026-03-10,빙그레,B015,빙그레과자015,네이버쇼핑,954,958,4
2026-03-10,빙그레,B016,빙그레과자016,네이버쇼핑,948,970,22
2026-03-10,빙그레,B017,빙그레과자017,G마켓,969,993,24
2026-03-10,빙그레,B018,빙그레과자018,G마켓,982,985,3
2026-03-10,빙그레,B020,빙그레과자020,G마켓,1003,1033,30
2026-03-10,빙그레,B020,빙그레과자020,네이버쇼핑,1024,1033,9
2026-03-10,빙그레,B020,빙그레과자020,SSG,1025,1033,8
2026-03-10,빙그레,B021,빙그레과자021,G마켓,1012,1041,29
2026-03-10,빙그레,B021,빙그레과자021,컬리,1034,1041,7
2026-03-10,빙그레,B022,빙그레과자022,네이버쇼핑,1031,1055,24
2026-03-10,빙그레,B022,빙그레과자022,SSG,1032,1055,23
2026-03-10,빙그레,B022,빙그레과자022,G마켓,1049,1055,6
2026-03-10,빙그레,B023,빙그레과자023,G마켓,1008,1039,31
2026-03-10,빙그레,B023,빙그레과자023,네이버쇼핑,1011,1039,28
2026-03-10,빙그레,B024,빙그레과자024,G마켓,1019,1071,52
2026-03-10,빙그레,B024,빙그레과자024,네이버쇼핑,1036,1071,35
2026-03-10,빙그레,B024,빙그레과자024,SSG,1057,1071,14
2026-03-10,빙그레,B024,빙그레과자024,컬리,1058,1071,13
2026-03-10,빙그레,B025,빙그레과자025,네이버쇼핑,1025,1040,15
2026-03-10,빙그레,B026,빙그레과자026,네이버쇼핑,1026,1073,47
2026-03-10,빙그레,B026,빙그레과자026,G마켓,1043,1073,30
2026-03-10,빙그레,B027,빙그레과자027,네이버쇼핑,1040,1078,38
2026-03-10,빙그레,B027,빙그레과자027,SSG,1072,1078,6
2026-03-10,빙그레,B028,빙그레과자028,네이버쇼핑,1062,1078,16
2026-03-10,빙그레,B029,빙그레과자029,네이버쇼핑,1037,1064,27
2026-03-10,빙그레,B030,빙그레과자030,네이버쇼핑,1061,1104,43
2026-03-10,빙그레,B031,빙그레과자031,G마켓,1072,1093,21
2026-03-10,빙그레,B031,빙그레과자031,네이버쇼핑,1074,1093,19
2026-03-10,빙그레,B033,빙그레과자033,G마켓,1098,1137,39
2026-03-10,빙그레,B033,빙그레과자033,네이버쇼핑,1131,1137,6
2026-03-10,빙그레,B033,빙그레과자033,컬리,1135,1137,2
2026-03-10,빙그레,B038,빙그레과자038,G마켓,1123,1143,20
2026-03-10,빙그레,B038,빙그레과자038,네이버쇼핑,1136,1143,7
2026-03-10,빙그레,B039,빙그레과자039,G마켓,1145,1179,34
2026-03-10,빙그레,B039,빙그레과자039,SSG,1178,1179,1
2026-03-10,빙그레,B041,빙그레과자041,네이버쇼핑,1135,1164,29
2026-03-10,빙그레,B043,빙그레과자043,SSG,1161,1177,16
2026-03-10,빙그레,B044,빙그레과자044,SSG,1167,1181,14
2026-03-10,빙그레,B049,빙그레과자049,네이버쇼핑,837,862,25
2026-03-10,해태제과,H000,해태과자000,G마켓,855,882,27
2026-03-10,해태제과,H000,해태과자000,SSG,873,882,9
2026-03-10,해태제과,H000,해태과자000,네이버쇼핑,875,882,7
2026-03-10,해태제과,H001,해태과자001,G마켓,872,900,28
2026-03-10,해태제과,H001,해태과자001,컬리,891,900,9
2026-03-10,해태제과,H002,해태과자002,SSG,890,913,23
2026-03-10,해태제과,H002,해태과자002,네이버쇼핑,891,913,22
2026-03-10,해태제과,H002,해태과자002,G마켓,909,913,4
2026-03-10,해태제과,H003,해태과자003,G마켓,868,898,30
2026-03-10,해태제과,H003,해태과자003,네이버쇼핑,870,898,28
2026-03-10,해태제과,H004,해태과자004,G마켓,880,928,48
2026-03-10,해태제과,H004,해태과자004,네이버쇼핑,893,928,35
2026-03-10,해태제과,H004,해태과자004,SSG,918,928,10
2026-03-10,해태제과,H004,해태과자004,컬리,919,928,9
2026-03-10,해태제과,H005,해태과자005,네이버쇼핑,885,899,14
2026-03-10,해태제과,H006,해태과자006,네이버쇼핑,883,933,50
2026-03-10,해태제과,H006,해태과자006,G마켓,902,933,31
2026-03-10,해태제과,H007,해태과자007,네이버쇼핑,889,930,41
2026-03-10,해태제과,H007,해태과자007,SSG,922,930,8
2026-03-10,해태제과,H008,해태과자008,네이버쇼핑,919,937,18
2026-03-10,해태제과,H009,해태과자009,네이버쇼핑,898,923,25
2026-03-10,해태제과,H010,해태과자010,네이버쇼핑,920,961,41
2026-03-10,해태제과,H011,해태과자011,G마켓,929,953,24
2026-03-10,해태제과,H011,해태과자011,네이버쇼핑,934,953,19
2026-03-10,해태제과,H013,해태과자013,G마켓,958,997,39
2026-03-10,해태제과,H013,해태과자013,네이버쇼핑,987,997,10
2026-03-10,해태제과,H013,해태과자013,컬리,993,997,4
2026-03-10,해태제과,H018,해태과자018,G마켓,981,1001,20
2026-03-10,해태제과,H018,해태과자018,네이버쇼핑,993,1001,8
2026-03-10,해태제과,H019,해태과자019,G마켓,1005,1038,33
2026-03-10,해태제과,H019,해태과자019,SSG,1035,1038,3
2026-03-10,해태제과,H021,해태과자021,네이버쇼핑,985,1015,30
2026-03-10,해태제과,H023,해태과자023,SSG,1020,1035,15
2026-03-10,해태제과,H024,해태과자024,SSG,1026,1040,14
2026-03-10,해태제과,H027,해태과자027,네이버쇼핑,1043,1045,2
2026-03-10,해태제과,H029,해태과자029,네이버쇼핑,1047,1072,25
2026-03-10,해태제과,H031,해태과자031,G마켓,1081,1085,4
2026-03-10,해태제과,H031,해태과자031,SSG,1084,1085,1
2026-03-10,해태제과,H032,해태과자032,네이버쇼핑,1075,1077,2
2026-03-10,해태제과,H033,해태과자033,네이버쇼핑,1068,1091,23
2026-03-10,해태제과,H034,해태과자034,G마켓,1089,1113,24
2026-03-10,해태제과,H035,해태과자035,G마켓,1094,1097,3
2026-03-10,해태제과,H037,해태과자037,네이버쇼핑,1122,1150,28
2026-03-10,해태제과,H037,해태과자037,SSG,1129,1150,21
2026-03-10,해태제과,H038,해태과자038,네이버쇼핑,1100,1163,63
2026-03-10,해태제과,H038,해태과자038,SSG,1131,1163,32
2026-03-10,해태제과,H038,해태과자038,G마켓,1158,1163,5
2026-03-10,해태제과,H038,해태과자038,컬리,1158,1163,5
2026-03-10,해태제과,H039,해태과자039,네이버쇼핑,1126,1168,42
2026-03-10,해태제과,H039,해태과자039,G마켓,1160,1168,8
2026-03-10,해태제과,H040,해태과자040,G마켓,1128,1160,32
2026-03-10,해태제과,H040,해태과자040,네이버쇼핑,1132,1160,28
2026-03-10,해태제과,H040,해태과자040,컬리,1159,1160,1
2026-03-10,해태제과,H041,해태과자041,G마켓,1140,1191,51
2026-03-10,해태제과,H041,해태과자041,네이버쇼핑,1155,1191,36
2026-03-10,해태제과,H041,해태과자041,SSG,1178,1191,13
2026-03-10,해태제과,H041,해태과자041,컬리,1179,1191,12
2026-03-10,해태제과,H042,해태과자042,네이버쇼핑,1138,1153,15
2026-03-10,해태제과,H043,해태과자043,네이버쇼핑,1137,1185,48
2026-03-10,해태제과,H043,해태과자043,G마켓,1156,1185,29
2026-03-10,해태제과,H044,해태과자044,네이버쇼핑,1150,1190,40
2026-03-10,해태제과,H044,해태과자044,SSG,1181,1190,9
2026-03-10,해태제과,H045,해태과자045,네이버쇼핑,1181,1198,17
2026-03-10,해태제과,H046,해태과자046,네이버쇼핑,1159,1184,25
2026-03-10,해태제과,H047,해태과자047,네이버쇼핑,1174,1177,3
2026-03-10,해태제과,H048,해태과자048,네이버쇼핑,1191,1222,31
2026-03-10,해태제과,H049,해태과자049,네이버쇼핑,833,846,13
2026-03-10,롯데,L000,롯데과자000,G마켓,867,897,30
2026-03-10,롯데,L000,롯데과자000,컬리,888,897,9
2026-03-10,롯데,L001,롯데과자001,네이버쇼핑,885,909,24
2026-03-10,롯데,L001,롯데과자001,SSG,886,909,23
2026-03-10,롯데,L001,롯데과자001,G마켓,905,909,4
2026-03-10,롯데,L002,롯데과자002,G마켓,862,892,30
2026-03-10,롯데,L002,롯데과자002,네이버쇼핑,866,892,26
2026-03-10,롯데,L003,롯데과자003,G마켓,875,925,50
2026-03-10,롯데,L003,롯데과자003,네이버쇼핑,888,925,37
2026-03-10,롯데,L003,롯데과자003,SSG,912,925,13
2026-03-10,롯데,L003,롯데과자003,컬리,914,925,11
2026-03-10,롯데,L004,롯데과자004,네이버쇼핑,881,896,15
2026-03-10,롯데,L005,롯데과자005,네이버쇼핑,878,928,50
2026-03-10,롯데,L005,롯데과자005,G마켓,897,928,31
2026-03-10,롯데,L006,롯데과자006,네이버쇼핑,893,933,40
2026-03-10,롯데,L006,롯데과자006,SSG,925,933,8
2026-03-10,롯데,L007,롯데과자007,네이버쇼핑,915,934,19
2026-03-10,롯데,L008,롯데과자008,네이버쇼핑,891,919,28
2026-03-10,롯데,L009,롯데과자009,네이버쇼핑,907,911,4
2026-03-10,롯데,L010,롯데과자010,G마켓,924,949,25
2026-03-10,롯데,L010,롯데과자010,네이버쇼핑,929,949,20
2026-03-10,롯데,L012,롯데과자012,G마켓,952,991,39
2026-03-10,롯데,L012,롯데과자012,네이버쇼핑,985,991,6
2026-03-10,롯데,L012,롯데과자012,컬리,988,991,3
2026-03-10,롯데,L017,롯데과자017,G마켓,976,997,21
2026-03-10,롯데,L017,롯데과자017,네이버쇼핑,989,997,8
2026-03-10,롯데,L018,롯데과자018,G마켓,1001,1031,30
2026-03-10,롯데,L020,롯데과자020,네이버쇼핑,989,1018,29
2026-03-10,롯데,L022,롯데과자022,SSG,1014,1031,17
2026-03-10,롯데,L023,롯데과자023,SSG,1021,1036,15
2026-03-10,롯데,L026,롯데과자026,네이버쇼핑,1039,1040,1
2026-03-10,롯데,L028,롯데과자028,네이버쇼핑,1041,1066,25
2026-03-10,롯데,L029,롯데과자029,네이버쇼핑,1075,1077,2
2026-03-10,롯데,L030,롯데과자030,G마켓,1079,1082,3
2026-03-10,롯데,L030,롯데과자030,SSG,1079,1082,3
2026-03-10,롯데,L031,롯데과자031,네이버쇼핑,1069,1075,6
2026-03-10,롯데,L032,롯데과자032,네이버쇼핑,1065,1088,23
2026-03-10,롯데,L033,롯데과자033,G마켓,1083,1108,25
2026-03-10,롯데,L034,롯데과자034,G마켓,1100,1102,2
2026-03-10,롯데,L036,롯데과자036,네이버쇼핑,1116,1147,31
2026-03-10,롯데,L036,롯데과자036,SSG,1125,1147,22
2026-03-10,롯데,L037,롯데과자037,네이버쇼핑,1095,1157,62
2026-03-10,롯데,L037,롯데과자037,SSG,1127,1157,30
2026-03-10,롯데,L037,롯데과자037,컬리,1151,1157,6
2026-03-10,롯데,L037,롯데과자037,G마켓,1156,1157,1
2026-03-10,롯데,L038,롯데과자038,네이버쇼핑,1122,1164,42
2026-03-10,롯데,L038,롯데과자038,G마켓,1154,1164,10
2026-03-10,롯데,L039,롯데과자039,네이버쇼핑,1149,1152,3
2026-03-10,롯데,L040,롯데과자040,G마켓,1135,1184,49
2026-03-10,롯데,L040,롯데과자040,네이버쇼핑,1150,1184,34
2026-03-10,롯데,L040,롯데과자040,컬리,1174,1184,10
2026-03-10,롯데,L040,롯데과자040,SSG,1175,1184,9
2026-03-10,롯데,L041,롯데과자041,네이버쇼핑,1141,1156,15
2026-03-10,롯데,L042,롯데과자042,네이버쇼핑,1133,1180,47
2026-03-10,롯데,L042,롯데과자042,G마켓,1150,1180,30
2026-03-10,롯데,L043,롯데과자043,네이버쇼핑,1145,1185,40
2026-03-10,롯데,L043,롯데과자043,SSG,1178,1185,7
2026-03-10,롯데,L044,롯데과자044,네이버쇼핑,1177,1196,19
2026-03-10,롯데,L045,롯데과자045,네이버쇼핑,1154,1182,28
2026-03-10,롯데,L047,롯데과자047,네이버쇼핑,1186,1216,30
2026-03-10,롯데,L048,롯데과자048,네이버쇼핑,1188,1199,11
2026-03-10,농심,N001,농심과자001,네이버쇼핑,848,875,27
2026-03-10,농심,N003,농심과자003,SSG,882,898,16
2026-03-10,농심,N004,농심과자004,SSG,889,901,12
2026-03-10,농심,N007,농심과자007,네이버쇼핑,899,901,2
2026-03-10,농심,N009,농심과자009,네이버쇼핑,909,932,23
2026-03-10,농심,N011,농심과자011,G마켓,946,948,2
2026-03-10,농심,N011,농심과자011,SSG,946,948,2
2026-03-10,농심,N012,농심과자012,네이버쇼핑,937,940,3
2026-03-10,농심,N013,농심과자013,네이버쇼핑,931,955,24
2026-03-10,농심,N014,농심과자014,G마켓,943,968,25
2026-03-10,농심,N015,농심과자015,G마켓,958,959,1
2026-03-10,농심,N017,농심과자017,네이버쇼핑,985,1012,27
2026-03-10,농심,N017,농심과자017,SSG,990,1012,22
2026-03-10,농심,N018,농심과자018,네이버쇼핑,963,1024,61
2026-03-10,농심,N018,농심과자018,SSG,994,1024,30
2026-03-10,농심,N018,농심과자018,컬리,1020,1024,4
2026-03-10,농심,N018,농심과자018,G마켓,1021,1024,3
2026-03-10,농심,N019,농심과자019,네이버쇼핑,989,1032,43
2026-03-10,농심,N019,농심과자019,G마켓,1022,1032,10
2026-03-10,농심,N020,농심과자020,G마켓,990,1022,32
2026-03-10,농심,N020,농심과자020,네이버쇼핑,994,1022,28
2026-03-10,농심,N021,농심과자021,G마켓,995,1045,50
2026-03-10,농심,N021,농심과자021,네이버쇼핑,1009,1045,36
2026-03-10,농심,N021,농심과자021,SSG,1031,1045,14
2026-03-10,농심,N021,농심과자021,컬리,1034,1045,11
2026-03-10,농심,N022,농심과자022,네이버쇼핑,1002,1016,14
2026-03-10,농심,N023,농심과자023,네이버쇼핑,1000,1049,49
2026-03-10,농심,N023,농심과자023,G마켓,1017,1049,32
2026-03-10,농심,N024,농심과자024,네이버쇼핑,1012,1053,41
2026-03-10,농심,N024,농심과자024,SSG,1045,1053,8
2026-03-10,농심,N025,농심과자025,네이버쇼핑,1043,1061,18
2026-03-10,농심,N026,농심과자026,네이버쇼핑,1020,1049,29
2026-03-10,농심,N027,농심과자027,네이버쇼핑,1037,1039,2
2026-03-10,농심,N028,농심과자028,네이버쇼핑,1043,1075,32
2026-03-10,농심,N029,농심과자029,네이버쇼핑,1047,1058,11
2026-03-10,농심,N030,농심과자030,G마켓,1073,1112,39
2026-03-10,농심,N030,농심과자030,네이버쇼핑,1105,1112,7
2026-03-10,농심,N030,농심과자030,컬리,1109,1112,3
2026-03-10,농심,N035,농심과자035,G마켓,1096,1116,20
2026-03-10,농심,N035,농심과자035,네이버쇼핑,1108,1116,8
2026-03-10,농심,N036,농심과자036,G마켓,1119,1151,32
2026-03-10,농심,N036,농심과자036,SSG,1150,1151,1
2026-03-10,농심,N039,농심과자039,네이버쇼핑,1134,1163,29
2026-03-10,농심,N040,농심과자040,SSG,1142,1159,17
2026-03-10,농심,N041,농심과자041,SSG,1149,1164,15
2026-03-10,농심,N044,농심과자044,네이버쇼핑,1159,1161,2
2026-03-10,농심,N046,농심과자046,네이버쇼핑,1171,1195,24
2026-03-10,농심,N047,농심과자047,네이버쇼핑,1201,1206,5
2026-03-10,농심,N048,농심과자048,네이버쇼핑,1176,1217,41
2026-03-10,농심,N049,농심과자049,네이버쇼핑,819,862,43
2026-03-10,오리온,O000,오리온과자000,G마켓,847,870,23
2026-03-10,오리온,O000,오리온과자000,네이버쇼핑,851,870,19
2026-03-10,오리온,O002,오리온과자002,G마켓,874,914,40
2026-03-10,오리온,O002,오리온과자002,네이버쇼핑,904,914,10
2026-03-10,오리온,O002,오리온과자002,컬리,910,914,4
2026-03-10,오리온,O007,오리온과자007,G마켓,897,918,21
2026-03-10,오리온,O007,오리온과자007,네이버쇼핑,911,918,7
2026-03-10,오리온,O008,오리온과자008,G마켓,921,953,32
2026-03-10,오리온,O010,오리온과자010,네이버쇼핑,912,938,26
2026-03-10,오리온,O012,오리온과자012,SSG,944,960,16
2026-03-10,오리온,O013,오리온과자013,SSG,952,965,13
2026-03-10,오리온,O016,오리온과자016,네이버쇼핑,961,964,3
2026-03-10,오리온,O018,오리온과자018,네이버쇼핑,972,996,24
2026-03-10,오리온,O019,오리온과자019,네이버쇼핑,1004,1006,2
2026-03-10,오리온,O020,오리온과자020,SSG,1007,1011,4
2026-03-10,오리온,O020,오리온과자020,G마켓,1008,1011,3
2026-03-10,오리온,O021,오리온과자021,네이버쇼핑,993,996,3
2026-03-10,오리온,O022,오리온과자022,네이버쇼핑,987,1009,22
2026-03-10,오리온,O023,오리온과자023,G마켓,1005,1031,26
2026-03-10,오리온,O024,오리온과자024,G마켓,1019,1022,3
2026-03-10,오리온,O026,오리온과자026,네이버쇼핑,1047,1077,30
2026-03-10,오리온,O026,오리온과자026,SSG,1053,1077,24
2026-03-10,오리온,O027,오리온과자027,네이버쇼핑,1026,1088,62
2026-03-10,오리온,O027,오리온과자027,SSG,1057,1088,31
2026-03-10,오리온,O027,오리온과자027,컬리,1081,1088,7
2026-03-10,오리온,O027,오리온과자027,G마켓,1084,1088,4
2026-03-10,오리온,O028,오리온과자028,네이버쇼핑,1044,1087,43
2026-03-10,오리온,O028,오리온과자028,G마켓,1075,1087,12
2026-03-10,오리온,O029,오리온과자029,네이버쇼핑,1071,1073,2
2026-03-10,오리온,O030,오리온과자030,G마켓,1057,1107,50
2026-03-10,오리온,O030,오리온과자030,네이버쇼핑,1071,1107,36
2026-03-10,오리온,O030,오리온과자030,SSG,1094,1107,13
2026-03-10,오리온,O030,오리온과자030,컬리,1096,1107,11
2026-03-10,오리온,O031,오리온과자031,네이버쇼핑,1064,1078,14
2026-03-10,오리온,O032,오리온과자032,네이버쇼핑,1062,1112,50
2026-03-10,오리온,O032,오리온과자032,G마켓,1080,1112,32
2026-03-10,오리온,O033,오리온과자033,네이버쇼핑,1075,1116,41
2026-03-10,오리온,O033,오리온과자033,SSG,1108,1116,8
2026-03-10,오리온,O034,오리온과자034,네이버쇼핑,1105,1126,21
2026-03-10,오리온,O035,오리온과자035,네이버쇼핑,1075,1101,26
2026-03-10,오리온,O036,오리온과자036,네이버쇼핑,1091,1094,3
2026-03-10,오리온,O037,오리온과자037,네이버쇼핑,1107,1140,33
2026-03-10,오리온,O038,오리온과자038,네이버쇼핑,1108,1121,13
2026-03-10,오리온,O044,오리온과자044,G마켓,1158,1180,22
2026-03-10,오리온,O044,오리온과자044,네이버쇼핑,1172,1180,8
2026-03-10,오리온,O045,오리온과자045,G마켓,1183,1216,33
2026-03-10,오리온,O045,오리온과자045,SSG,1214,1216,2
2026-03-10,오리온,O048,오리온과자048,네이버쇼핑,1196,1227,31
2026-03-10,오리온,O049,오리온과자049,네이버쇼핑,849,892,43
2026-03-10,오리온,O049,오리온과자049,컬리,861,892,31
2026-03-10,오리온,O049,오리온과자049,SSG,862,892,30
2026-03-10,오리온,O049,오리온과자049,G마켓,885,892,7
