batch_date,mall_name,manufacturer,product_key,product_name,min_price,avg_price,max_price
2026-03-04,네이버쇼핑,빙그레,B000,빙그레과자000,856,1000.1,1145
2026-03-04,네이버쇼핑,빙그레,B001,빙그레과자001,867,1011.27,1157
2026-03-04,네이버쇼핑,빙그레,B002,빙그레과자002,838,982.73,1127
2026-03-04,네이버쇼핑,빙그레,B003,빙그레과자003,858,1003.9,1149
2026-03-04,네이버쇼핑,빙그레,B004,빙그레과자004,856,1002.07,1148
2026-03-04,네이버쇼핑,빙그레,B005,빙그레과자005,898,1043.07,1189
2026-03-04,네이버쇼핑,빙그레,B006,빙그레과자006,914,1057.93,1203
2026-03-04,네이버쇼핑,빙그레,B007,빙그레과자007,920,1066.23,1212
2026-03-04,네이버쇼핑,빙그레,B008,빙그레과자008,946,1090.9,1237
2026-03-04,네이버쇼핑,빙그레,B009,빙그레과자009,924,1067.97,1212
2026-03-04,네이버쇼핑,빙그레,B010,빙그레과자010,909,1055.03,1201
2026-03-04,네이버쇼핑,빙그레,B011,빙그레과자011,895,1039.93,1186
2026-03-04,네이버쇼핑,빙그레,B012,빙그레과자012,963,1108.0,1254
2026-03-04,네이버쇼핑,빙그레,B013,빙그레과자013,965,1109.03,1255
2026-03-04,네이버쇼핑,빙그레,B014,빙그레과자014,964,1108.33,1254
2026-03-04,네이버쇼핑,빙그레,B015,빙그레과자015,939,1085.03,1231
2026-03-04,네이버쇼핑,빙그레,B016,빙그레과자016,935,1078.97,1223
2026-03-04,네이버쇼핑,빙그레,B017,빙그레과자017,982,1126.3,1272
2026-03-04,네이버쇼핑,빙그레,B018,빙그레과자018,983,1127.0,1271
2026-03-04,네이버쇼핑,빙그레,B019,빙그레과자019,967,1113.0,1257
2026-03-04,네이버쇼핑,빙그레,B020,빙그레과자020,1006,1151.87,1296
2026-03-04,네이버쇼핑,빙그레,B021,빙그레과자021,1036,1181.73,1326
2026-03-04,네이버쇼핑,빙그레,B022,빙그레과자022,1016,1160.97,1306
2026-03-04,네이버쇼핑,빙그레,B023,빙그레과자023,997,1141.77,1288
2026-03-04,네이버쇼핑,빙그레,B024,빙그레과자024,1019,1165.03,1310
2026-03-04,네이버쇼핑,빙그레,B025,빙그레과자025,1011,1155.2,1301
2026-03-04,네이버쇼핑,빙그레,B026,빙그레과자026,1008,1153.0,1299
2026-03-04,네이버쇼핑,빙그레,B027,빙그레과자027,1022,1166.1,1312
2026-03-04,네이버쇼핑,빙그레,B028,빙그레과자028,1048,1192.0,1336
2026-03-04,네이버쇼핑,빙그레,B029,빙그레과자029,1022,1167.93,1314
2026-03-04,네이버쇼핑,빙그레,B030,빙그레과자030,1046,1191.9,1336
2026-03-04,네이버쇼핑,빙그레,B031,빙그레과자031,1058,1203.9,1349
2026-03-04,네이버쇼핑,빙그레,B032,빙그레과자032,1063,1208.23,1352
2026-03-04,네이버쇼핑,빙그레,B033,빙그레과자033,1114,1257.93,1403
2026-03-04,네이버쇼핑,빙그레,B034,빙그레과자034,1101,1245.8,1390
2026-03-04,네이버쇼핑,빙그레,B035,빙그레과자035,1134,1278.2,1424
2026-03-04,네이버쇼핑,빙그레,B036,빙그레과자036,1100,1243.97,1390
2026-03-04,네이버쇼핑,빙그레,B037,빙그레과자037,1138,1284.17,1428
2026-03-04,네이버쇼핑,빙그레,B038,빙그레과자038,1121,1265.23,1411
2026-03-04,네이버쇼핑,빙그레,B039,빙그레과자039,1164,1308.97,1454
2026-03-04,네이버쇼핑,빙그레,B040,빙그레과자040,1120,1263.83,1408
2026-03-04,네이버쇼핑,빙그레,B041,빙그레과자041,1118,1261.87,1407
2026-03-04,네이버쇼핑,빙그레,B042,빙그레과자042,1155,1299.1,1444
2026-03-04,네이버쇼핑,빙그레,B043,빙그레과자043,1170,1313.93,1460
2026-03-04,네이버쇼핑,빙그레,B044,빙그레과자044,1182,1326.07,1471
2026-03-04,네이버쇼핑,빙그레,B045,빙그레과자045,1206,1351.6,1498
2026-03-04,네이버쇼핑,빙그레,B046,빙그레과자046,1183,1328.1,1472
2026-03-04,네이버쇼핑,빙그레,B047,빙그레과자047,1169,1314.07,1460
2026-03-04,네이버쇼핑,빙그레,B048,빙그레과자048,1184,1329.27,1474
2026-03-04,네이버쇼핑,빙그레,B049,빙그레과자049,823,968.9,1114
2026-03-04,네이버쇼핑,해태제과,H000,해태과자000,863,1008.07,1154
2026-03-04,네이버쇼핑,해태제과,H001,해태과자001,897,1041.3,1185
2026-03-04,네이버쇼핑,해태제과,H002,해태과자002,876,1020.7,1165
2026-03-04,네이버쇼핑,해태제과,H003,해태과자003,855,1000.97,1147
2026-03-04,네이버쇼핑,해태제과,H004,해태과자004,878,1023.6,1169
2026-03-04,네이버쇼핑,해태제과,H005,해태과자005,870,1015.27,1160
2026-03-04,네이버쇼핑,해태제과,H006,해태과자006,868,1012.03,1156
2026-03-04,네이버쇼핑,해태제과,H007,해태과자007,878,1022.13,1167
2026-03-04,네이버쇼핑,해태제과,H008,해태과자008,905,1050.9,1196
2026-03-04,네이버쇼핑,해태제과,H009,해태과자009,882,1027.9,1174
2026-03-04,네이버쇼핑,해태제과,H010,해태과자010,906,1051.0,1196
2026-03-04,네이버쇼핑,해태제과,H011,해태과자011,919,1063.03,1209
2026-03-04,네이버쇼핑,해태제과,H012,해태과자012,922,1067.67,1212
2026-03-04,네이버쇼핑,해태제과,H013,해태과자013,972,1116.93,1263
2026-03-04,네이버쇼핑,해태제과,H014,해태과자014,956,1102.2,1248
2026-03-04,네이버쇼핑,해태제과,H015,해태과자015,992,1137.03,1283
2026-03-04,네이버쇼핑,해태제과,H016,해태과자016,960,1104.07,1248
2026-03-04,네이버쇼핑,해태제과,H017,해태과자017,999,1143.1,1288
2026-03-04,네이버쇼핑,해태제과,H018,해태과자018,980,1124.0,1268
2026-03-04,네이버쇼핑,해태제과,H019,해태과자019,1025,1169.27,1315
2026-03-04,네이버쇼핑,해태제과,H020,해태과자020,978,1123.13,1267
2026-03-04,네이버쇼핑,해태제과,H021,해태과자021,974,1118.1,1263
2026-03-04,네이버쇼핑,해태제과,H022,해태과자022,1012,1157.87,1302
2026-03-04,네이버쇼핑,해태제과,H023,해태과자023,1028,1173.87,1318
2026-03-04,네이버쇼핑,해태제과,H024,해태과자024,1039,1184.9,1329
2026-03-04,네이버쇼핑,해태제과,H025,해태과자025,1067,1210.93,1356
2026-03-04,네이버쇼핑,해태제과,H026,해태과자026,1044,1188.03,1334
2026-03-04,네이버쇼핑,해태제과,H027,해태과자027,1028,1173.17,1319
2026-03-04,네이버쇼핑,해태제과,H028,해태과자028,1040,1184.83,1329
2026-03-04,네이버쇼핑,해태제과,H029,해태과자029,1034,1178.0,1322
2026-03-04,네이버쇼핑,해태제과,H030,해태과자030,1081,1224.77,1371
2026-03-04,네이버쇼핑,해태제과,H031,해태과자031,1081,1226.8,1373
2026-03-04,네이버쇼핑,해태제과,H032,해태과자032,1061,1205.0,1350
2026-03-04,네이버쇼핑,해태제과,H033,해태과자033,1055,1199.07,1345
2026-03-04,네이버쇼핑,해태제과,H034,해태과자034,1100,1245.07,1391
2026-03-04,네이버쇼핑,해태제과,H035,해태과자035,1098,1243.03,1389
2026-03-04,네이버쇼핑,해태제과,H036,해태과자036,1083,1227.8,1373
2026-03-04,네이버쇼핑,해태제과,H037,해태과자037,1109,1253.13,1398
2026-03-04,네이버쇼핑,해태제과,H038,해태과자038,1084,1229.8,1375
2026-03-04,네이버쇼핑,해태제과,H039,해태과자039,1111,1256.13,1402
2026-03-04,네이버쇼핑,해태제과,H040,해태과자040,1116,1262.13,1406
2026-03-04,네이버쇼핑,해태제과,H041,해태과자041,1140,1284.0,1430
2026-03-04,네이버쇼핑,해태제과,H042,해태과자042,1127,1271.23,1416
2026-03-04,네이버쇼핑,해태제과,H043,해태과자043,1123,1267.97,1413
2026-03-04,네이버쇼핑,해태제과,H044,해태과자044,1138,1282.0,1428
2026-03-04,네이버쇼핑,해태제과,H045,해태과자045,1165,1310.7,1456
2026-03-04,네이버쇼핑,해태제과,H046,해태과자046,1142,1288.0,1433
2026-03-04,네이버쇼핑,해태제과,H047,해태과자047,1158,1303.9,1450
2026-03-04,네이버쇼핑,해태제과,H048,해태과자048,1174,1318.87,1463
2026-03-04,네이버쇼핑,해태제과,H049,해태과자049,822,966.17,1110
2026-03-04,네이버쇼핑,롯데,L000,롯데과자000,889,1035.23,1181
2026-03-04,네이버쇼핑,롯데,L001,롯데과자001,871,1015.2,1160
2026-03-04,네이버쇼핑,롯데,L002,롯데과자002,850,996.07,1142
2026-03-04,네이버쇼핑,롯데,L003,롯데과자003,872,1017.9,1163
2026-03-04,네이버쇼핑,롯데,L004,롯데과자004,865,1008.9,1155
2026-03-04,네이버쇼핑,롯데,L005,롯데과자005,861,1006.07,1151
2026-03-04,네이버쇼핑,롯데,L006,롯데과자006,876,1020.03,1164
2026-03-04,네이버쇼핑,롯데,L007,롯데과자007,900,1045.1,1191
2026-03-04,네이버쇼핑,롯데,L008,롯데과자008,878,1022.0,1166
2026-03-04,네이버쇼핑,롯데,L009,롯데과자009,892,1037.87,1182
2026-03-04,네이버쇼핑,롯데,L010,롯데과자010,912,1056.87,1201
2026-03-04,네이버쇼핑,롯데,L011,롯데과자011,917,1061.87,1208
2026-03-04,네이버쇼핑,롯데,L012,롯데과자012,967,1111.1,1257
2026-03-04,네이버쇼핑,롯데,L013,롯데과자013,955,1099.73,1245
2026-03-04,네이버쇼핑,롯데,L014,롯데과자014,985,1130.73,1275
2026-03-04,네이버쇼핑,롯데,L015,롯데과자015,953,1098.07,1243
2026-03-04,네이버쇼핑,롯데,L016,롯데과자016,992,1137.93,1282
2026-03-04,네이버쇼핑,롯데,L017,롯데과자017,973,1117.97,1264
2026-03-04,네이버쇼핑,롯데,L018,롯데과자018,1017,1163.1,1309
2026-03-04,네이버쇼핑,롯데,L019,롯데과자019,1013,1158.9,1305
2026-03-04,네이버쇼핑,롯데,L020,롯데과자020,971,1115.9,1261
2026-03-04,네이버쇼핑,롯데,L021,롯데과자021,1007,1151.83,1298
2026-03-04,네이버쇼핑,롯데,L022,롯데과자022,1022,1167.83,1312
2026-03-04,네이버쇼핑,롯데,L023,롯데과자023,1034,1179.67,1324
2026-03-04,네이버쇼핑,롯데,L024,롯데과자024,1061,1205.2,1350
2026-03-04,네이버쇼핑,롯데,L025,롯데과자025,1037,1182.03,1327
2026-03-04,네이버쇼핑,롯데,L026,롯데과자026,1022,1166.67,1312
2026-03-04,네이버쇼핑,롯데,L027,롯데과자027,1038,1183.03,1327
2026-03-04,네이버쇼핑,롯데,L028,롯데과자028,1028,1171.87,1316
2026-03-04,네이버쇼핑,롯데,L029,롯데과자029,1058,1203.9,1349
2026-03-04,네이버쇼핑,롯데,L030,롯데과자030,1077,1222.23,1367
2026-03-04,네이버쇼핑,롯데,L031,롯데과자031,1053,1198.87,1344
2026-03-04,네이버쇼핑,롯데,L032,롯데과자032,1047,1193.17,1338
2026-03-04,네이버쇼핑,롯데,L033,롯데과자033,1095,1239.0,1385
2026-03-04,네이버쇼핑,롯데,L034,롯데과자034,1097,1241.03,1385
2026-03-04,네이버쇼핑,롯데,L035,롯데과자035,1077,1221.97,1367
2026-03-04,네이버쇼핑,롯데,L036,롯데과자036,1102,1247.07,1393
2026-03-04,네이버쇼핑,롯데,L037,롯데과자037,1080,1225.03,1370
2026-03-04,네이버쇼핑,롯데,L038,롯데과자038,1105,1249.97,1394
2026-03-04,네이버쇼핑,롯데,L039,롯데과자039,1133,1277.1,1421
2026-03-04,네이버쇼핑,롯데,L040,롯데과자040,1132,1277.83,1423
2026-03-04,네이버쇼핑,롯데,L041,롯데과자041,1123,1268.93,1413
2026-03-04,네이버쇼핑,롯데,L042,롯데과자042,1118,1262.1,1408
2026-03-04,네이버쇼핑,롯데,L043,롯데과자043,1130,1275.73,1422
2026-03-04,네이버쇼핑,롯데,L044,롯데과자044,1160,1305.8,1451
2026-03-04,네이버쇼핑,롯데,L045,롯데과자045,1138,1281.83,1427
2026-03-04,네이버쇼핑,롯데,L046,롯데과자046,1154,1297.93,1442
2026-03-04,네이버쇼핑,롯데,L047,롯데과자047,1169,1313.2,1457
2026-03-04,네이버쇼핑,롯데,L048,롯데과자048,1170,1314.07,1459
2026-03-04,네이버쇼핑,롯데,L049,롯데과자049,817,963.03,1109
2026-03-04,네이버쇼핑,농심,N000,농심과자000,834,979.93,1125
2026-03-04,네이버쇼핑,농심,N001,농심과자001,835,978.93,1123
2026-03-04,네이버쇼핑,농심,N002,농심과자002,875,1018.93,1163
2026-03-04,네이버쇼핑,농심,N003,농심과자003,889,1034.9,1181
2026-03-04,네이버쇼핑,농심,N004,농심과자004,903,1047.23,1191
2026-03-04,네이버쇼핑,농심,N005,농심과자005,926,1071.93,1218
2026-03-04,네이버쇼핑,농심,N006,농심과자006,903,1048.9,1193
2026-03-04,네이버쇼핑,농심,N007,농심과자007,884,1029.77,1174
2026-03-04,네이버쇼핑,농심,N008,농심과자008,901,1045.93,1192
2026-03-04,네이버쇼핑,농심,N009,농심과자009,894,1039.1,1183
2026-03-04,네이버쇼핑,농심,N010,농심과자010,942,1085.7,1231
2026-03-04,네이버쇼핑,농심,N011,농심과자011,943,1088.8,1233
2026-03-04,네이버쇼핑,농심,N012,농심과자012,920,1066.13,1211
2026-03-04,네이버쇼핑,농심,N013,농심과자013,915,1059.97,1206
2026-03-04,네이버쇼핑,농심,N014,농심과자014,958,1102.2,1246
2026-03-04,네이버쇼핑,농심,N015,농심과자015,959,1103.97,1249
2026-03-04,네이버쇼핑,농심,N016,농심과자016,945,1089.33,1234
2026-03-04,네이버쇼핑,농심,N017,농심과자017,968,1114.17,1259
2026-03-04,네이버쇼핑,농심,N018,농심과자018,947,1092.17,1238
2026-03-04,네이버쇼핑,농심,N019,농심과자019,973,1116.9,1262
2026-03-04,네이버쇼핑,농심,N020,농심과자020,979,1123.2,1268
2026-03-04,네이버쇼핑,농심,N021,농심과자021,997,1140.8,1285
2026-03-04,네이버쇼핑,농심,N022,농심과자022,987,1132.0,1276
2026-03-04,네이버쇼핑,농심,N023,농심과자023,983,1129.17,1274
2026-03-04,네이버쇼핑,농심,N024,농심과자024,999,1143.13,1288
2026-03-04,네이버쇼핑,농심,N025,농심과자025,1029,1172.87,1318
2026-03-04,네이버쇼핑,농심,N026,농심과자026,1003,1148.9,1293
2026-03-04,네이버쇼핑,농심,N027,농심과자027,1019,1164.97,1310
2026-03-04,네이버쇼핑,농심,N028,농심과자028,1030,1175.77,1320
2026-03-04,네이버쇼핑,농심,N029,농심과자029,1033,1177.23,1323
2026-03-04,네이버쇼핑,농심,N030,농심과자030,1090,1234.0,1378
2026-03-04,네이버쇼핑,농심,N031,농심과자031,1077,1222.73,1367
2026-03-04,네이버쇼핑,농심,N032,농심과자032,1114,1259.0,1403
2026-03-04,네이버쇼핑,농심,N033,농심과자033,1080,1224.8,1369
2026-03-04,네이버쇼핑,농심,N034,농심과자034,1120,1265.13,1411
2026-03-04,네이버쇼핑,농심,N035,농심과자035,1096,1240.87,1386
2026-03-04,네이버쇼핑,농심,N036,농심과자036,1141,1285.57,1432
2026-03-04,네이버쇼핑,농심,N037,농심과자037,1137,1282.1,1427
2026-03-04,네이버쇼핑,농심,N038,농심과자038,1157,1302.97,1449
2026-03-04,네이버쇼핑,농심,N039,농심과자039,1118,1264.1,1409
2026-03-04,네이버쇼핑,농심,N040,농심과자040,1149,1295.07,1441
2026-03-04,네이버쇼핑,농심,N041,농심과자041,1161,1306.97,1452
2026-03-04,네이버쇼핑,농심,N042,농심과자042,1183,1328.17,1474
2026-03-04,네이버쇼핑,농심,N043,농심과자043,1159,1305.03,1450
2026-03-04,네이버쇼핑,농심,N044,농심과자044,1144,1289.8,1434
2026-03-04,네이버쇼핑,농심,N045,농심과자045,1161,1306.23,1450
2026-03-04,네이버쇼핑,농심,N046,농심과자046,1156,1299.67,1444
2026-03-04,네이버쇼핑,농심,N047,농심과자047,1186,1331.03,1477
2026-03-04,네이버쇼핑,농심,N048,농심과자048,1159,1303.13,1447
2026-03-04,네이버쇼핑,농심,N049,농심과자049,806,951.63,1098
2026-03-04,네이버쇼핑,오리온,O000,오리온과자000,838,982.77,1128
2026-03-04,네이버쇼핑,오리온,O001,오리온과자001,843,988.07,1132
2026-03-04,네이버쇼핑,오리온,O002,오리온과자002,893,1036.9,1183
2026-03-04,네이버쇼핑,오리온,O003,오리온과자003,880,1025.8,1172
2026-03-04,네이버쇼핑,오리온,O004,오리온과자004,917,1061.17,1206
2026-03-04,네이버쇼핑,오리온,O005,오리온과자005,883,1028.07,1174
2026-03-04,네이버쇼핑,오리온,O006,오리온과자006,924,1067.87,1214
2026-03-04,네이버쇼핑,오리온,O007,오리온과자007,898,1044.13,1188
2026-03-04,네이버쇼핑,오리온,O008,오리온과자008,943,1089.27,1235
2026-03-04,네이버쇼핑,오리온,O009,오리온과자009,940,1084.8,1229
2026-03-04,네이버쇼핑,오리온,O010,오리온과자010,898,1042.0,1187
2026-03-04,네이버쇼핑,오리온,O011,오리온과자011,937,1082.0,1228
2026-03-04,네이버쇼핑,오리온,O012,오리온과자012,952,1098.1,1243
2026-03-04,네이버쇼핑,오리온,O013,오리온과자013,966,1110.1,1256
2026-03-04,네이버쇼핑,오리온,O014,오리온과자014,986,1130.9,1275
2026-03-04,네이버쇼핑,오리온,O015,오리온과자015,963,1108.0,1252
2026-03-04,네이버쇼핑,오리온,O016,오리온과자016,949,1093.1,1239
2026-03-04,네이버쇼핑,오리온,O017,오리온과자017,964,1109.07,1254
2026-03-04,네이버쇼핑,오리온,O018,오리온과자018,956,1102.13,1248
2026-03-04,네이버쇼핑,오리온,O019,오리온과자019,988,1134.0,1278
2026-03-04,네이버쇼핑,오리온,O020,오리온과자020,1008,1152.1,1297
2026-03-04,네이버쇼핑,오리온,O021,오리온과자021,979,1124.97,1269
2026-03-04,네이버쇼핑,오리온,O022,오리온과자022,974,1119.1,1264
2026-03-04,네이버쇼핑,오리온,O023,오리온과자023,1019,1164.97,1311
2026-03-04,네이버쇼핑,오리온,O024,오리온과자024,1023,1167.1,1313
2026-03-04,네이버쇼핑,오리온,O025,오리온과자025,1006,1151.8,1296
2026-03-04,네이버쇼핑,오리온,O026,오리온과자026,1032,1176.77,1321
2026-03-04,네이버쇼핑,오리온,O027,오리온과자027,1009,1155.07,1300
2026-03-04,네이버쇼핑,오리온,O028,오리온과자028,1032,1176.1,1321
2026-03-04,네이버쇼핑,오리온,O029,오리온과자029,1057,1202.93,1348
2026-03-04,네이버쇼핑,오리온,O030,오리온과자030,1059,1204.0,1349
2026-03-04,네이버쇼핑,오리온,O031,오리온과자031,1051,1195.2,1339
2026-03-04,네이버쇼핑,오리온,O032,오리온과자032,1048,1192.1,1338
2026-03-04,네이버쇼핑,오리온,O033,오리온과자033,1061,1205.97,1350
2026-03-04,네이버쇼핑,오리온,O034,오리온과자034,1092,1236.17,1381
2026-03-04,네이버쇼핑,오리온,O035,오리온과자035,1062,1207.87,1353
2026-03-04,네이버쇼핑,오리온,O036,오리온과자036,1080,1223.93,1369
2026-03-04,네이버쇼핑,오리온,O037,오리온과자037,1094,1238.77,1383
2026-03-04,네이버쇼핑,오리온,O038,오리온과자038,1095,1240.03,1384
2026-03-04,네이버쇼핑,오리온,O039,오리온과자039,1099,1242.97,1387
2026-03-04,네이버쇼핑,오리온,O040,오리온과자040,1140,1285.7,1430
2026-03-04,네이버쇼핑,오리온,O041,오리온과자041,1177,1322.03,1468
2026-03-04,네이버쇼핑,오리온,O042,오리온과자042,1138,1283.83,1428
2026-03-04,네이버쇼핑,오리온,O043,오리온과자043,1180,1324.0,1470
2026-03-04,네이버쇼핑,오리온,O044,오리온과자044,1160,1304.2,1449
2026-03-04,네이버쇼핑,오리온,O045,오리온과자045,1205,1349.1,1495
2026-03-04,네이버쇼핑,오리온,O046,오리온과자046,1201,1345.07,1491
2026-03-04,네이버쇼핑,오리온,O047,오리온과자047,1222,1366.17,1510
2026-03-04,네이버쇼핑,오리온,O048,오리온과자048,1181,1326.63,1472
2026-03-04,네이버쇼핑,오리온,O049,오리온과자049,836,981.97,1126
2026-03-05,네이버쇼핑,빙그레,B000,빙그레과자000,856,1001.8,1146
2026-03-05,네이버쇼핑,빙그레,B001,빙그레과자001,869,1013.87,1158
2026-03-05,네이버쇼핑,빙그레,B002,빙그레과자002,840,985.87,1132
2026-03-05,네이버쇼핑,빙그레,B003,빙그레과자003,861,1006.17,1152
2026-03-05,네이버쇼핑,빙그레,B004,빙그레과자004,861,1005.13,1150
2026-03-05,네이버쇼핑,빙그레,B005,빙그레과자005,901,1045.93,1191
2026-03-05,네이버쇼핑,빙그레,B006,빙그레과자006,916,1060.9,1205
2026-03-05,네이버쇼핑,빙그레,B007,빙그레과자007,922,1068.03,1214
2026-03-05,네이버쇼핑,빙그레,B008,빙그레과자008,949,1094.03,1240
2026-03-05,네이버쇼핑,빙그레,B009,빙그레과자009,926,1070.07,1214
2026-03-05,네이버쇼핑,빙그레,B010,빙그레과자010,913,1056.93,1202
2026-03-05,네이버쇼핑,빙그레,B011,빙그레과자011,898,1043.2,1187
2026-03-05,네이버쇼핑,빙그레,B012,빙그레과자012,967,1111.2,1255
2026-03-05,네이버쇼핑,빙그레,B013,빙그레과자013,967,1111.8,1258
2026-03-05,네이버쇼핑,빙그레,B014,빙그레과자014,966,1110.07,1255
2026-03-05,네이버쇼핑,빙그레,B015,빙그레과자015,942,1088.0,1232
2026-03-05,네이버쇼핑,빙그레,B016,빙그레과자016,936,1081.73,1226
2026-03-05,네이버쇼핑,빙그레,B017,빙그레과자017,983,1127.93,1272
2026-03-05,네이버쇼핑,빙그레,B018,빙그레과자018,985,1130.2,1275
2026-03-05,네이버쇼핑,빙그레,B019,빙그레과자019,971,1116.03,1262
2026-03-05,네이버쇼핑,빙그레,B020,빙그레과자020,1009,1154.97,1299
2026-03-05,네이버쇼핑,빙그레,B021,빙그레과자021,1040,1184.13,1330
2026-03-05,네이버쇼핑,빙그레,B022,빙그레과자022,1019,1163.87,1309
2026-03-05,네이버쇼핑,빙그레,B023,빙그레과자023,998,1144.27,1290
2026-03-05,네이버쇼핑,빙그레,B024,빙그레과자024,1022,1166.93,1311
2026-03-05,네이버쇼핑,빙그레,B025,빙그레과자025,1014,1158.0,1304
2026-03-05,네이버쇼핑,빙그레,B026,빙그레과자026,1011,1156.1,1300
2026-03-05,네이버쇼핑,빙그레,B027,빙그레과자027,1025,1169.2,1315
2026-03-05,네이버쇼핑,빙그레,B028,빙그레과자028,1050,1194.07,1338
2026-03-05,네이버쇼핑,빙그레,B029,빙그레과자029,1025,1170.87,1317
2026-03-05,네이버쇼핑,빙그레,B030,빙그레과자030,1048,1194.13,1338
2026-03-05,네이버쇼핑,빙그레,B031,빙그레과자031,1061,1205.87,1350
2026-03-05,네이버쇼핑,빙그레,B032,빙그레과자032,1067,1211.1,1355
2026-03-05,네이버쇼핑,빙그레,B033,빙그레과자033,1117,1260.97,1405
2026-03-05,네이버쇼핑,빙그레,B034,빙그레과자034,1103,1249.4,1395
2026-03-05,네이버쇼핑,빙그레,B035,빙그레과자035,1134,1279.83,1424
2026-03-05,네이버쇼핑,빙그레,B036,빙그레과자036,1101,1247.07,1393
2026-03-05,네이버쇼핑,빙그레,B037,빙그레과자037,1142,1286.6,1430
2026-03-05,네이버쇼핑,빙그레,B038,빙그레과자038,1121,1266.8,1412
2026-03-05,네이버쇼핑,빙그레,B039,빙그레과자039,1168,1311.83,1456
2026-03-05,네이버쇼핑,빙그레,B040,빙그레과자040,1121,1266.8,1411
2026-03-05,네이버쇼핑,빙그레,B041,빙그레과자041,1121,1264.93,1410
2026-03-05,네이버쇼핑,빙그레,B042,빙그레과자042,1155,1300.97,1445
2026-03-05,네이버쇼핑,빙그레,B043,빙그레과자043,1172,1316.87,1461
2026-03-05,네이버쇼핑,빙그레,B044,빙그레과자044,1182,1328.27,1472
2026-03-05,네이버쇼핑,빙그레,B045,빙그레과자045,1210,1354.2,1500
2026-03-05,네이버쇼핑,빙그레,B046,빙그레과자046,1185,1331.1,1475
2026-03-05,네이버쇼핑,빙그레,B047,빙그레과자047,1172,1317.07,1463
2026-03-05,네이버쇼핑,빙그레,B048,빙그레과자048,1186,1331.97,1476
2026-03-05,네이버쇼핑,빙그레,B049,빙그레과자049,825,970.93,1115
2026-03-05,네이버쇼핑,해태제과,H000,해태과자000,866,1010.13,1154
2026-03-05,네이버쇼핑,해태제과,H001,해태과자001,897,1042.87,1189
2026-03-05,네이버쇼핑,해태제과,H002,해태과자002,877,1022.9,1169
2026-03-05,네이버쇼핑,해태제과,H003,해태과자003,859,1003.87,1150
2026-03-05,네이버쇼핑,해태제과,H004,해태과자004,880,1026.13,1172
2026-03-05,네이버쇼핑,해태제과,H005,해태과자005,873,1017.07,1161
2026-03-05,네이버쇼핑,해태제과,H006,해태과자006,870,1014.97,1159
2026-03-05,네이버쇼핑,해태제과,H007,해태과자007,880,1023.93,1168
2026-03-05,네이버쇼핑,해태제과,H008,해태과자008,908,1052.9,1199
2026-03-05,네이버쇼핑,해태제과,H009,해태과자009,886,1030.2,1176
2026-03-05,네이버쇼핑,해태제과,H010,해태과자010,909,1054.0,1199
2026-03-05,네이버쇼핑,해태제과,H011,해태과자011,920,1065.67,1212
2026-03-05,네이버쇼핑,해태제과,H012,해태과자012,926,1070.0,1214
2026-03-05,네이버쇼핑,해태제과,H013,해태과자013,976,1119.6,1266
2026-03-05,네이버쇼핑,해태제과,H014,해태과자014,958,1103.93,1249
2026-03-05,네이버쇼핑,해태제과,H015,해태과자015,994,1139.1,1285
2026-03-05,네이버쇼핑,해태제과,H016,해태과자016,960,1105.7,1250
2026-03-05,네이버쇼핑,해태제과,H017,해태과자017,1000,1146.2,1290
2026-03-05,네이버쇼핑,해태제과,H018,해태과자018,982,1126.07,1270
2026-03-05,네이버쇼핑,해태제과,H019,해태과자019,1025,1170.97,1317
2026-03-05,네이버쇼핑,해태제과,H020,해태과자020,982,1126.0,1272
2026-03-05,네이버쇼핑,해태제과,H021,해태과자021,975,1119.93,1264
2026-03-05,네이버쇼핑,해태제과,H022,해태과자022,1014,1159.93,1304
2026-03-05,네이버쇼핑,해태제과,H023,해태과자023,1030,1176.07,1320
2026-03-05,네이버쇼핑,해태제과,H024,해태과자024,1043,1188.1,1334
2026-03-05,네이버쇼핑,해태제과,H025,해태과자025,1070,1213.67,1358
2026-03-05,네이버쇼핑,해태제과,H026,해태과자026,1045,1190.0,1336
2026-03-05,네이버쇼핑,해태제과,H027,해태과자027,1032,1175.93,1322
2026-03-05,네이버쇼핑,해태제과,H028,해태과자028,1043,1187.13,1331
2026-03-05,네이버쇼핑,해태제과,H029,해태과자029,1035,1179.97,1325
2026-03-05,네이버쇼핑,해태제과,H030,해태과자030,1081,1227.17,1371
2026-03-05,네이버쇼핑,해태제과,H031,해태과자031,1085,1230.2,1375
2026-03-05,네이버쇼핑,해태제과,H032,해태과자032,1064,1207.87,1354
2026-03-05,네이버쇼핑,해태제과,H033,해태과자033,1057,1201.03,1346
2026-03-05,네이버쇼핑,해태제과,H034,해태과자034,1102,1247.97,1392
2026-03-05,네이버쇼핑,해태제과,H035,해태과자035,1099,1244.8,1389
2026-03-05,네이버쇼핑,해태제과,H036,해태과자036,1086,1229.97,1376
2026-03-05,네이버쇼핑,해태제과,H037,해태과자037,1111,1255.0,1401
2026-03-05,네이버쇼핑,해태제과,H038,해태과자038,1088,1233.07,1378
2026-03-05,네이버쇼핑,해태제과,H039,해태과자039,1114,1258.53,1404
2026-03-05,네이버쇼핑,해태제과,H040,해태과자040,1118,1264.13,1408
2026-03-05,네이버쇼핑,해태제과,H041,해태과자041,1143,1287.17,1432
2026-03-05,네이버쇼핑,해태제과,H042,해태과자042,1127,1272.8,1418
2026-03-05,네이버쇼핑,해태제과,H043,해태과자043,1126,1269.87,1415
2026-03-05,네이버쇼핑,해태제과,H044,해태과자044,1140,1284.07,1428
2026-03-05,네이버쇼핑,해태제과,H045,해태과자045,1169,1314.07,1458
2026-03-05,네이버쇼핑,해태제과,H046,해태과자046,1146,1290.53,1436
2026-03-05,네이버쇼핑,해태제과,H047,해태과자047,1162,1306.07,1451
2026-03-05,네이버쇼핑,해태제과,H048,해태과자048,1178,1321.87,1467
2026-03-05,네이버쇼핑,해태제과,H049,해태과자049,822,967.97,1113
2026-03-05,네이버쇼핑,롯데,L000,롯데과자000,893,1038.17,1182
2026-03-05,네이버쇼핑,롯데,L001,롯데과자001,872,1017.67,1164
2026-03-05,네이버쇼핑,롯데,L002,롯데과자002,853,997.9,1143
2026-03-05,네이버쇼핑,롯데,L003,롯데과자003,875,1020.93,1167
2026-03-05,네이버쇼핑,롯데,L004,롯데과자004,867,1011.8,1158
2026-03-05,네이버쇼핑,롯데,L005,롯데과자005,863,1009.0,1154
2026-03-05,네이버쇼핑,롯데,L006,롯데과자006,878,1022.87,1168
2026-03-05,네이버쇼핑,롯데,L007,롯데과자007,902,1048.07,1194
2026-03-05,네이버쇼핑,롯데,L008,롯데과자008,880,1024.33,1168
2026-03-05,네이버쇼핑,롯데,L009,롯데과자009,894,1040.0,1185
2026-03-05,네이버쇼핑,롯데,L010,롯데과자010,914,1060.13,1206
2026-03-05,네이버쇼핑,롯데,L011,롯데과자011,921,1065.07,1211
2026-03-05,네이버쇼핑,롯데,L012,롯데과자012,969,1114.13,1260
2026-03-05,네이버쇼핑,롯데,L013,롯데과자013,958,1103.27,1248
2026-03-05,네이버쇼핑,롯데,L014,롯데과자014,988,1134.03,1279
2026-03-05,네이버쇼핑,롯데,L015,롯데과자015,956,1100.13,1246
2026-03-05,네이버쇼핑,롯데,L016,롯데과자016,996,1140.17,1285
2026-03-05,네이버쇼핑,롯데,L017,롯데과자017,977,1121.13,1266
2026-03-05,네이버쇼핑,롯데,L018,롯데과자018,1022,1166.4,1311
2026-03-05,네이버쇼핑,롯데,L019,롯데과자019,1016,1161.9,1307
2026-03-05,네이버쇼핑,롯데,L020,롯데과자020,975,1119.1,1265
2026-03-05,네이버쇼핑,롯데,L021,롯데과자021,1010,1154.73,1299
2026-03-05,네이버쇼핑,롯데,L022,롯데과자022,1026,1170.53,1316
2026-03-05,네이버쇼핑,롯데,L023,롯데과자023,1036,1181.77,1327
2026-03-05,네이버쇼핑,롯데,L024,롯데과자024,1062,1208.13,1354
2026-03-05,네이버쇼핑,롯데,L025,롯데과자025,1040,1184.57,1329
2026-03-05,네이버쇼핑,롯데,L026,롯데과자026,1026,1170.17,1315
2026-03-05,네이버쇼핑,롯데,L027,롯데과자027,1040,1185.83,1330
2026-03-05,네이버쇼핑,롯데,L028,롯데과자028,1029,1174.83,1321
2026-03-05,네이버쇼핑,롯데,L029,롯데과자029,1062,1206.47,1352
2026-03-05,네이버쇼핑,롯데,L030,롯데과자030,1078,1224.03,1369
2026-03-05,네이버쇼핑,롯데,L031,롯데과자031,1058,1201.97,1347
2026-03-05,네이버쇼핑,롯데,L032,롯데과자032,1051,1196.1,1340
2026-03-05,네이버쇼핑,롯데,L033,롯데과자033,1098,1242.07,1386
2026-03-05,네이버쇼핑,롯데,L034,롯데과자034,1100,1243.77,1390
2026-03-05,네이버쇼핑,롯데,L035,롯데과자035,1081,1225.17,1371
2026-03-05,네이버쇼핑,롯데,L036,롯데과자036,1104,1249.4,1394
2026-03-05,네이버쇼핑,롯데,L037,롯데과자037,1083,1227.0,1371
2026-03-05,네이버쇼핑,롯데,L038,롯데과자038,1108,1252.9,1399
2026-03-05,네이버쇼핑,롯데,L039,롯데과자039,1134,1279.9,1426
2026-03-05,네이버쇼핑,롯데,L040,롯데과자040,1136,1281.1,1426
2026-03-05,네이버쇼핑,롯데,L041,롯데과자041,1127,1272.13,1417
2026-03-05,네이버쇼핑,롯데,L042,롯데과자042,1120,1265.07,1409
2026-03-05,네이버쇼핑,롯데,L043,롯데과자043,1134,1278.53,1424
2026-03-05,네이버쇼핑,롯데,L044,롯데과자044,1164,1308.3,1453
2026-03-05,네이버쇼핑,롯데,L045,롯데과자045,1140,1285.1,1430
2026-03-05,네이버쇼핑,롯데,L046,롯데과자046,1156,1301.0,1447
2026-03-05,네이버쇼핑,롯데,L047,롯데과자047,1171,1316.17,1461
2026-03-05,네이버쇼핑,롯데,L048,롯데과자048,1172,1317.27,1463
2026-03-05,네이버쇼핑,롯데,L049,롯데과자049,821,965.93,1110
2026-03-05,네이버쇼핑,농심,N000,농심과자000,836,982.03,1126
2026-03-05,네이버쇼핑,농심,N001,농심과자001,835,981.03,1126
2026-03-05,네이버쇼핑,농심,N002,농심과자002,878,1022.07,1166
2026-03-05,네이버쇼핑,농심,N003,농심과자003,892,1037.53,1184
2026-03-05,네이버쇼핑,농심,N004,농심과자004,905,1049.17,1194
2026-03-05,네이버쇼핑,농심,N005,농심과자005,929,1074.87,1220
2026-03-05,네이버쇼핑,농심,N006,농심과자006,906,1051.83,1197
2026-03-05,네이버쇼핑,농심,N007,농심과자007,886,1031.87,1178
2026-03-05,네이버쇼핑,농심,N008,농심과자008,903,1047.9,1193
2026-03-05,네이버쇼핑,농심,N009,농심과자009,897,1042.03,1186
2026-03-05,네이버쇼핑,농심,N010,농심과자010,944,1088.13,1232
2026-03-05,네이버쇼핑,농심,N011,농심과자011,945,1091.03,1236
2026-03-05,네이버쇼핑,농심,N012,농심과자012,925,1068.93,1214
2026-03-05,네이버쇼핑,농심,N013,농심과자013,919,1062.97,1208
2026-03-05,네이버쇼핑,농심,N014,농심과자014,958,1103.87,1249
2026-03-05,네이버쇼핑,농심,N015,농심과자015,960,1105.77,1251
2026-03-05,네이버쇼핑,농심,N016,농심과자016,948,1092.07,1238
2026-03-05,네이버쇼핑,농심,N017,농심과자017,972,1116.47,1260
2026-03-05,네이버쇼핑,농심,N018,농심과자018,950,1093.93,1239
2026-03-05,네이버쇼핑,농심,N019,농심과자019,976,1119.93,1264
2026-03-05,네이버쇼핑,농심,N020,농심과자020,981,1125.97,1272
2026-03-05,네이버쇼핑,농심,N021,농심과자021,999,1143.03,1288
2026-03-05,네이버쇼핑,농심,N022,농심과자022,988,1133.97,1279
2026-03-05,네이버쇼핑,농심,N023,농심과자023,986,1132.07,1277
2026-03-05,네이버쇼핑,농심,N024,농심과자024,1002,1145.53,1290
2026-03-05,네이버쇼핑,농심,N025,농심과자025,1029,1175.03,1321
2026-03-05,네이버쇼핑,농심,N026,농심과자026,1006,1152.07,1296
2026-03-05,네이버쇼핑,농심,N027,농심과자027,1023,1168.23,1313
2026-03-05,네이버쇼핑,농심,N028,농심과자028,1034,1178.07,1324
2026-03-05,네이버쇼핑,농심,N029,농심과자029,1035,1178.93,1324
2026-03-05,네이버쇼핑,농심,N030,농심과자030,1093,1236.8,1383
2026-03-05,네이버쇼핑,농심,N031,농심과자031,1080,1225.8,1372
2026-03-05,네이버쇼핑,농심,N032,농심과자032,1115,1261.27,1405
2026-03-05,네이버쇼핑,농심,N033,농심과자033,1082,1227.93,1373
2026-03-05,네이버쇼핑,농심,N034,농심과자034,1124,1268.07,1413
2026-03-05,네이버쇼핑,농심,N035,농심과자035,1098,1242.7,1389
2026-03-05,네이버쇼핑,농심,N036,농심과자036,1144,1287.93,1432
2026-03-05,네이버쇼핑,농심,N037,농심과자037,1141,1284.97,1431
2026-03-05,네이버쇼핑,농심,N038,농심과자038,1160,1305.6,1452
2026-03-05,네이버쇼핑,농심,N039,농심과자039,1121,1265.93,1411
2026-03-05,네이버쇼핑,농심,N040,농심과자040,1153,1297.83,1443
2026-03-05,네이버쇼핑,농심,N041,농심과자041,1165,1310.17,1456
2026-03-05,네이버쇼핑,농심,N042,농심과자042,1184,1329.97,1475
2026-03-05,네이버쇼핑,농심,N043,농심과자043,1163,1306.67,1451
2026-03-05,네이버쇼핑,농심,N044,농심과자044,1149,1292.87,1438
2026-03-05,네이버쇼핑,농심,N045,농심과자045,1162,1308.33,1454
2026-03-05,네이버쇼핑,농심,N046,농심과자046,1158,1302.1,1446
2026-03-05,네이버쇼핑,농심,N047,농심과자047,1188,1333.93,1479
2026-03-05,네이버쇼핑,농심,N048,농심과자048,1160,1305.97,1451
2026-03-05,네이버쇼핑,농심,N049,농심과자049,809,953.87,1098
2026-03-05,네이버쇼핑,오리온,O000,오리온과자000,840,984.97,1131
2026-03-05,네이버쇼핑,오리온,O001,오리온과자001,844,989.83,1135
2026-03-05,네이버쇼핑,오리온,O002,오리온과자002,895,1039.2,1184
2026-03-05,네이버쇼핑,오리온,O003,오리온과자003,882,1027.77,1172
2026-03-05,네이버쇼핑,오리온,O004,오리온과자004,919,1064.0,1209
2026-03-05,네이버쇼핑,오리온,O005,오리온과자005,884,1030.2,1176
2026-03-05,네이버쇼핑,오리온,O006,오리온과자006,924,1070.07,1216
2026-03-05,네이버쇼핑,오리온,O007,오리온과자007,901,1045.9,1190
2026-03-05,네이버쇼핑,오리온,O008,오리온과자008,945,1090.83,1235
2026-03-05,네이버쇼핑,오리온,O009,오리온과자009,941,1086.97,1232
2026-03-05,네이버쇼핑,오리온,O010,오리온과자010,900,1043.97,1188
2026-03-05,네이버쇼핑,오리온,O011,오리온과자011,940,1085.0,1229
2026-03-05,네이버쇼핑,오리온,O012,오리온과자012,956,1100.07,1246
2026-03-05,네이버쇼핑,오리온,O013,오리온과자013,967,1111.9,1256
2026-03-05,네이버쇼핑,오리온,O014,오리온과자014,989,1132.93,1279
2026-03-05,네이버쇼핑,오리온,O015,오리온과자015,964,1109.97,1255
2026-03-05,네이버쇼핑,오리온,O016,오리온과자016,949,1094.83,1241
2026-03-05,네이버쇼핑,오리온,O017,오리온과자017,966,1110.97,1256
2026-03-05,네이버쇼핑,오리온,O018,오리온과자018,959,1104.83,1250
2026-03-05,네이버쇼핑,오리온,O019,오리온과자019,992,1136.27,1282
2026-03-05,네이버쇼핑,오리온,O020,오리온과자020,1009,1153.77,1298
2026-03-05,네이버쇼핑,오리온,O021,오리온과자021,981,1127.1,1271
2026-03-05,네이버쇼핑,오리온,O022,오리온과자022,977,1121.13,1267
2026-03-05,네이버쇼핑,오리온,O023,오리온과자023,1021,1166.93,1311
2026-03-05,네이버쇼핑,오리온,O024,오리온과자024,1025,1168.8,1315
2026-03-05,네이버쇼핑,오리온,O025,오리온과자025,1010,1155.03,1299
2026-03-05,네이버쇼핑,오리온,O026,오리온과자026,1034,1179.67,1324
2026-03-05,네이버쇼핑,오리온,O027,오리온과자027,1013,1157.3,1303
2026-03-05,네이버쇼핑,오리온,O028,오리온과자028,1032,1177.77,1323
2026-03-05,네이버쇼핑,오리온,O029,오리온과자029,1060,1205.03,1350
2026-03-05,네이버쇼핑,오리온,O030,오리온과자030,1060,1205.97,1352
2026-03-05,네이버쇼핑,오리온,O031,오리온과자031,1053,1197.07,1341
2026-03-05,네이버쇼핑,오리온,O032,오리온과자032,1050,1194.97,1340
2026-03-05,네이버쇼핑,오리온,O033,오리온과자033,1062,1208.33,1354
2026-03-05,네이버쇼핑,오리온,O034,오리온과자034,1093,1237.87,1383
2026-03-05,네이버쇼핑,오리온,O035,오리온과자035,1065,1209.93,1356
2026-03-05,네이버쇼핑,오리온,O036,오리온과자036,1080,1225.83,1371
2026-03-05,네이버쇼핑,오리온,O037,오리온과자037,1095,1240.9,1385
2026-03-05,네이버쇼핑,오리온,O038,오리온과자038,1097,1242.13,1387
2026-03-05,네이버쇼핑,오리온,O039,오리온과자039,1102,1246.03,1390
2026-03-05,네이버쇼핑,오리온,O040,오리온과자040,1144,1288.6,1432
2026-03-05,네이버쇼핑,오리온,O041,오리온과자041,1178,1324.13,1469
2026-03-05,네이버쇼핑,오리온,O042,오리온과자042,1140,1285.77,1430
2026-03-05,네이버쇼핑,오리온,O043,오리온과자043,1182,1325.97,1472
2026-03-05,네이버쇼핑,오리온,O044,오리온과자044,1161,1305.9,1451
2026-03-05,네이버쇼핑,오리온,O045,오리온과자045,1205,1350.53,1496
2026-03-05,네이버쇼핑,오리온,O046,오리온과자046,1204,1348.07,1493
2026-03-05,네이버쇼핑,오리온,O047,오리온과자047,1222,1368.13,1514
2026-03-05,네이버쇼핑,오리온,O048,오리온과자048,1184,1329.1,1475
2026-03-05,네이버쇼핑,오리온,O049,오리온과자049,839,983.93,1128
2026-03-06,네이버쇼핑,빙그레,B000,빙그레과자000,859,1004.17,1150
2026-03-06,네이버쇼핑,빙그레,B001,빙그레과자001,872,1016.17,1162
2026-03-06,네이버쇼핑,빙그레,B002,빙그레과자002,842,987.83,1132
2026-03-06,네이버쇼핑,빙그레,B003,빙그레과자003,863,1009.13,1154
2026-03-06,네이버쇼핑,빙그레,B004,빙그레과자004,864,1008.17,1153
2026-03-06,네이버쇼핑,빙그레,B005,빙그레과자005,904,1048.13,1192
2026-03-06,네이버쇼핑,빙그레,B006,빙그레과자006,920,1064.13,1208
2026-03-06,네이버쇼핑,빙그레,B007,빙그레과자007,924,1069.77,1216
2026-03-06,네이버쇼핑,빙그레,B008,빙그레과자008,951,1096.07,1240
2026-03-06,네이버쇼핑,빙그레,B009,빙그레과자009,928,1073.2,1219
2026-03-06,네이버쇼핑,빙그레,B010,빙그레과자010,916,1060.2,1204
2026-03-06,네이버쇼핑,빙그레,B011,빙그레과자011,902,1046.3,1191
2026-03-06,네이버쇼핑,빙그레,B012,빙그레과자012,967,1112.93,1258
2026-03-06,네이버쇼핑,빙그레,B013,빙그레과자013,969,1115.13,1261
2026-03-06,네이버쇼핑,빙그레,B014,빙그레과자014,966,1111.9,1257
2026-03-06,네이버쇼핑,빙그레,B015,빙그레과자015,945,1089.97,1234
2026-03-06,네이버쇼핑,빙그레,B016,빙그레과자016,939,1084.1,1229
2026-03-06,네이버쇼핑,빙그레,B017,빙그레과자017,986,1130.8,1277
2026-03-06,네이버쇼핑,빙그레,B018,빙그레과자018,987,1132.83,1277
2026-03-06,네이버쇼핑,빙그레,B019,빙그레과자019,973,1118.03,1263
2026-03-06,네이버쇼핑,빙그레,B020,빙그레과자020,1013,1157.67,1303
2026-03-06,네이버쇼핑,빙그레,B021,빙그레과자021,1041,1186.07,1332
2026-03-06,네이버쇼핑,빙그레,B022,빙그레과자022,1020,1165.87,1312
2026-03-06,네이버쇼핑,빙그레,B023,빙그레과자023,1001,1146.8,1292
2026-03-06,네이버쇼핑,빙그레,B024,빙그레과자024,1026,1169.63,1315
2026-03-06,네이버쇼핑,빙그레,B025,빙그레과자025,1017,1160.8,1306
2026-03-06,네이버쇼핑,빙그레,B026,빙그레과자026,1012,1158.23,1303
2026-03-06,네이버쇼핑,빙그레,B027,빙그레과자027,1026,1172.37,1318
2026-03-06,네이버쇼핑,빙그레,B028,빙그레과자028,1052,1195.9,1340
2026-03-06,네이버쇼핑,빙그레,B029,빙그레과자029,1028,1172.77,1318
2026-03-06,네이버쇼핑,빙그레,B030,빙그레과자030,1053,1197.07,1343
2026-03-06,네이버쇼핑,빙그레,B031,빙그레과자031,1063,1208.87,1353
2026-03-06,네이버쇼핑,빙그레,B032,빙그레과자032,1068,1213.87,1359
2026-03-06,네이버쇼핑,빙그레,B033,빙그레과자033,1117,1263.03,1409
2026-03-06,네이버쇼핑,빙그레,B034,빙그레과자034,1108,1251.87,1398
2026-03-06,네이버쇼핑,빙그레,B035,빙그레과자035,1138,1282.13,1427
2026-03-06,네이버쇼핑,빙그레,B036,빙그레과자036,1104,1249.33,1395
2026-03-06,네이버쇼핑,빙그레,B037,빙그레과자037,1144,1289.07,1435
2026-03-06,네이버쇼핑,빙그레,B038,빙그레과자038,1124,1270.07,1415
2026-03-06,네이버쇼핑,빙그레,B039,빙그레과자039,1171,1314.83,1459
2026-03-06,네이버쇼핑,빙그레,B040,빙그레과자040,1123,1268.9,1413
2026-03-06,네이버쇼핑,빙그레,B041,빙그레과자041,1122,1267.53,1412
2026-03-06,네이버쇼핑,빙그레,B042,빙그레과자042,1158,1302.87,1448
2026-03-06,네이버쇼핑,빙그레,B043,빙그레과자043,1173,1318.7,1464
2026-03-06,네이버쇼핑,빙그레,B044,빙그레과자044,1186,1331.13,1476
2026-03-06,네이버쇼핑,빙그레,B045,빙그레과자045,1212,1357.03,1503
2026-03-06,네이버쇼핑,빙그레,B046,빙그레과자046,1190,1334.1,1480
2026-03-06,네이버쇼핑,빙그레,B047,빙그레과자047,1175,1318.9,1465
2026-03-06,네이버쇼핑,빙그레,B048,빙그레과자048,1191,1335.37,1480
2026-03-06,네이버쇼핑,빙그레,B049,빙그레과자049,828,973.07,1118
2026-03-06,네이버쇼핑,해태제과,H000,해태과자000,868,1012.13,1157
2026-03-06,네이버쇼핑,해태제과,H001,해태과자001,900,1045.97,1192
2026-03-06,네이버쇼핑,해태제과,H002,해태과자002,881,1024.97,1169
2026-03-06,네이버쇼핑,해태제과,H003,해태과자003,861,1006.13,1150
2026-03-06,네이버쇼핑,해태제과,H004,해태과자004,884,1029.07,1175
2026-03-06,네이버쇼핑,해태제과,H005,해태과자005,875,1020.37,1165
2026-03-06,네이버쇼핑,해태제과,H006,해태과자006,872,1018.07,1162
2026-03-06,네이버쇼핑,해태제과,H007,해태과자007,881,1026.07,1170
2026-03-06,네이버쇼핑,해태제과,H008,해태과자008,912,1055.87,1200
2026-03-06,네이버쇼핑,해태제과,H009,해태과자009,886,1031.9,1177
2026-03-06,네이버쇼핑,해태제과,H010,해태과자010,911,1056.03,1201
2026-03-06,네이버쇼핑,해태제과,H011,해태과자011,922,1067.77,1212
2026-03-06,네이버쇼핑,해태제과,H012,해태과자012,927,1072.97,1218
2026-03-06,네이버쇼핑,해태제과,H013,해태과자013,979,1122.9,1268
2026-03-06,네이버쇼핑,해태제과,H014,해태과자014,962,1106.17,1251
2026-03-06,네이버쇼핑,해태제과,H015,해태과자015,998,1141.73,1286
2026-03-06,네이버쇼핑,해태제과,H016,해태과자016,964,1108.23,1253
2026-03-06,네이버쇼핑,해태제과,H017,해태과자017,1003,1147.97,1293
2026-03-06,네이버쇼핑,해태제과,H018,해태과자018,983,1128.83,1273
2026-03-06,네이버쇼핑,해태제과,H019,해태과자019,1028,1174.27,1320
2026-03-06,네이버쇼핑,해태제과,H020,해태과자020,983,1128.87,1273
2026-03-06,네이버쇼핑,해태제과,H021,해태과자021,978,1122.07,1266
2026-03-06,네이버쇼핑,해태제과,H022,해태과자022,1019,1162.9,1307
2026-03-06,네이버쇼핑,해태제과,H023,해태과자023,1033,1177.8,1324
2026-03-06,네이버쇼핑,해태제과,H024,해태과자024,1046,1190.1,1335
2026-03-06,네이버쇼핑,해태제과,H025,해태과자025,1070,1216.03,1361
2026-03-06,네이버쇼핑,해태제과,H026,해태과자026,1049,1193.07,1337
2026-03-06,네이버쇼핑,해태제과,H027,해태과자027,1034,1178.9,1324
2026-03-06,네이버쇼핑,해태제과,H028,해태과자028,1043,1188.97,1333
2026-03-06,네이버쇼핑,해태제과,H029,해태과자029,1039,1182.97,1328
2026-03-06,네이버쇼핑,해태제과,H030,해태과자030,1083,1228.73,1373
2026-03-06,네이버쇼핑,해태제과,H031,해태과자031,1088,1231.93,1376
2026-03-06,네이버쇼핑,해태제과,H032,해태과자032,1066,1210.1,1355
2026-03-06,네이버쇼핑,해태제과,H033,해태과자033,1058,1204.13,1349
2026-03-06,네이버쇼핑,해태제과,H034,해태과자034,1107,1251.03,1395
2026-03-06,네이버쇼핑,해태제과,H035,해태과자035,1102,1246.83,1391
2026-03-06,네이버쇼핑,해태제과,H036,해태과자036,1087,1233.13,1379
2026-03-06,네이버쇼핑,해태제과,H037,해태과자037,1112,1257.0,1403
2026-03-06,네이버쇼핑,해태제과,H038,해태과자038,1091,1234.9,1379
2026-03-06,네이버쇼핑,해태제과,H039,해태과자039,1116,1260.97,1407
2026-03-06,네이버쇼핑,해태제과,H040,해태과자040,1122,1267.2,1412
2026-03-06,네이버쇼핑,해태제과,H041,해태과자041,1146,1289.83,1434
2026-03-06,네이버쇼핑,해태제과,H042,해태과자042,1129,1274.77,1419
2026-03-06,네이버쇼핑,해태제과,H043,해태과자043,1129,1272.97,1417
2026-03-06,네이버쇼핑,해태제과,H044,해태과자044,1140,1285.8,1432
2026-03-06,네이버쇼핑,해태제과,H045,해태과자045,1170,1316.03,1461
2026-03-06,네이버쇼핑,해태제과,H046,해태과자046,1147,1293.07,1439
2026-03-06,네이버쇼핑,해태제과,H047,해태과자047,1165,1308.83,1455
2026-03-06,네이버쇼핑,해태제과,H048,해태과자048,1180,1325.0,1471
2026-03-06,네이버쇼핑,해태제과,H049,해태과자049,826,970.1,1114
2026-03-06,네이버쇼핑,롯데,L000,롯데과자000,894,1040.03,1184
2026-03-06,네이버쇼핑,롯데,L001,롯데과자001,874,1019.93,1165
2026-03-06,네이버쇼핑,롯데,L002,롯데과자002,856,1001.17,1145
2026-03-06,네이버쇼핑,롯데,L003,롯데과자003,880,1024.07,1169
2026-03-06,네이버쇼핑,롯데,L004,롯데과자004,868,1013.87,1158
2026-03-06,네이버쇼핑,롯데,L005,롯데과자005,867,1012.23,1156
2026-03-06,네이버쇼핑,롯데,L006,롯데과자006,881,1025.93,1170
2026-03-06,네이버쇼핑,롯데,L007,롯데과자007,905,1049.87,1196
2026-03-06,네이버쇼핑,롯데,L008,롯데과자008,881,1027.13,1173
2026-03-06,네이버쇼핑,롯데,L009,롯데과자009,897,1043.23,1188
2026-03-06,네이버쇼핑,롯데,L010,롯데과자010,919,1062.83,1208
2026-03-06,네이버쇼핑,롯데,L011,롯데과자011,923,1067.0,1213
2026-03-06,네이버쇼핑,롯데,L012,롯데과자012,973,1117.07,1261
2026-03-06,네이버쇼핑,롯데,L013,롯데과자013,962,1106.03,1250
2026-03-06,네이버쇼핑,롯데,L014,롯데과자014,990,1136.03,1282
2026-03-06,네이버쇼핑,롯데,L015,롯데과자015,958,1103.0,1249
2026-03-06,네이버쇼핑,롯데,L016,롯데과자016,998,1143.1,1287
2026-03-06,네이버쇼핑,롯데,L017,롯데과자017,979,1124.2,1270
2026-03-06,네이버쇼핑,롯데,L018,롯데과자018,1022,1167.77,1313
2026-03-06,네이버쇼핑,롯데,L019,롯데과자019,1020,1165.13,1311
2026-03-06,네이버쇼핑,롯데,L020,롯데과자020,976,1122.1,1268
2026-03-06,네이버쇼핑,롯데,L021,롯데과자021,1013,1157.03,1301
2026-03-06,네이버쇼핑,롯데,L022,롯데과자022,1027,1173.2,1319
2026-03-06,네이버쇼핑,롯데,L023,롯데과자023,1041,1185.03,1329
2026-03-06,네이버쇼핑,롯데,L024,롯데과자024,1066,1211.03,1357
2026-03-06,네이버쇼핑,롯데,L025,롯데과자025,1043,1187.07,1333
2026-03-06,네이버쇼핑,롯데,L026,롯데과자026,1028,1173.07,1319
2026-03-06,네이버쇼핑,롯데,L027,롯데과자027,1044,1188.8,1333
2026-03-06,네이버쇼핑,롯데,L028,롯데과자028,1033,1177.07,1321
2026-03-06,네이버쇼핑,롯데,L029,롯데과자029,1064,1208.8,1355
2026-03-06,네이버쇼핑,롯데,L030,롯데과자030,1083,1227.17,1373
2026-03-06,네이버쇼핑,롯데,L031,롯데과자031,1059,1204.9,1350
2026-03-06,네이버쇼핑,롯데,L032,롯데과자032,1054,1197.93,1343
2026-03-06,네이버쇼핑,롯데,L033,롯데과자033,1101,1244.97,1390
2026-03-06,네이버쇼핑,롯데,L034,롯데과자034,1101,1246.93,1393
2026-03-06,네이버쇼핑,롯데,L035,롯데과자035,1083,1227.1,1372
2026-03-06,네이버쇼핑,롯데,L036,롯데과자036,1106,1251.9,1397
2026-03-06,네이버쇼핑,롯데,L037,롯데과자037,1084,1230.0,1376
2026-03-06,네이버쇼핑,롯데,L038,롯데과자038,1110,1256.03,1401
2026-03-06,네이버쇼핑,롯데,L039,롯데과자039,1137,1282.1,1428
2026-03-06,네이버쇼핑,롯데,L040,롯데과자040,1139,1284.23,1430
2026-03-06,네이버쇼핑,롯데,L041,롯데과자041,1129,1275.17,1420
2026-03-06,네이버쇼핑,롯데,L042,롯데과자042,1122,1267.07,1413
2026-03-06,네이버쇼핑,롯데,L043,롯데과자043,1135,1281.1,1425
2026-03-06,네이버쇼핑,롯데,L044,롯데과자044,1167,1311.1,1457
2026-03-06,네이버쇼핑,롯데,L045,롯데과자045,1142,1287.93,1433
2026-03-06,네이버쇼핑,롯데,L046,롯데과자046,1158,1303.23,1449
2026-03-06,네이버쇼핑,롯데,L047,롯데과자047,1174,1319.0,1464
2026-03-06,네이버쇼핑,롯데,L048,롯데과자048,1174,1319.9,1465
2026-03-06,네이버쇼핑,롯데,L049,롯데과자049,823,968.0,1114
2026-03-06,네이버쇼핑,농심,N000,농심과자000,839,984.57,1129
2026-03-06,네이버쇼핑,농심,N001,농심과자001,839,982.97,1129
2026-03-06,네이버쇼핑,농심,N002,농심과자002,879,1024.1,1168
2026-03-06,네이버쇼핑,농심,N003,농심과자003,896,1040.27,1186
2026-03-06,네이버쇼핑,농심,N004,농심과자004,907,1052.0,1197
2026-03-06,네이버쇼핑,농심,N005,농심과자005,932,1077.7,1222
2026-03-06,네이버쇼핑,농심,N006,농심과자006,910,1054.33,1198
2026-03-06,네이버쇼핑,농심,N007,농심과자007,890,1035.3,1180
2026-03-06,네이버쇼핑,농심,N008,농심과자008,906,1050.1,1196
2026-03-06,네이버쇼핑,농심,N009,농심과자009,898,1044.2,1190
2026-03-06,네이버쇼핑,농심,N010,농심과자010,947,1091.33,1236
2026-03-06,네이버쇼핑,농심,N011,농심과자011,948,1093.8,1238
2026-03-06,네이버쇼핑,농심,N012,농심과자012,928,1072.03,1216
2026-03-06,네이버쇼핑,농심,N013,농심과자013,920,1065.2,1210
2026-03-06,네이버쇼핑,농심,N014,농심과자014,962,1107.1,1251
2026-03-06,네이버쇼핑,농심,N015,농심과자015,962,1108.13,1254
2026-03-06,네이버쇼핑,농심,N016,농심과자016,949,1094.0,1239
2026-03-06,네이버쇼핑,농심,N017,농심과자017,975,1118.8,1264
2026-03-06,네이버쇼핑,농심,N018,농심과자018,951,1097.03,1241
2026-03-06,네이버쇼핑,농심,N019,농심과자019,978,1122.9,1269
2026-03-06,네이버쇼핑,농심,N020,농심과자020,984,1127.73,1273
2026-03-06,네이버쇼핑,농심,N021,농심과자021,1000,1146.1,1291
2026-03-06,네이버쇼핑,농심,N022,농심과자022,991,1136.23,1282
2026-03-06,네이버쇼핑,농심,N023,농심과자023,990,1134.33,1279
2026-03-06,네이버쇼핑,농심,N024,농심과자024,1004,1147.83,1294
2026-03-06,네이버쇼핑,농심,N025,농심과자025,1032,1178.2,1322
2026-03-06,네이버쇼핑,농심,N026,농심과자026,1011,1154.97,1300
2026-03-06,네이버쇼핑,농심,N027,농심과자027,1025,1170.07,1315
2026-03-06,네이버쇼핑,농심,N028,농심과자028,1037,1181.17,1326
2026-03-06,네이버쇼핑,농심,N029,농심과자029,1035,1181.0,1327
2026-03-06,네이버쇼핑,농심,N030,농심과자030,1095,1239.3,1385
2026-03-06,네이버쇼핑,농심,N031,농심과자031,1084,1228.07,1374
2026-03-06,네이버쇼핑,농심,N032,농심과자032,1120,1264.1,1409
2026-03-06,네이버쇼핑,농심,N033,농심과자033,1086,1230.97,1375
2026-03-06,네이버쇼핑,농심,N034,농심과자034,1124,1269.9,1414
2026-03-06,네이버쇼핑,농심,N035,농심과자035,1101,1245.93,1392
2026-03-06,네이버쇼핑,농심,N036,농심과자036,1145,1290.0,1434
2026-03-06,네이버쇼핑,농심,N037,농심과자037,1141,1286.83,1432
2026-03-06,네이버쇼핑,농심,N038,농심과자038,1164,1308.0,1452
2026-03-06,네이버쇼핑,농심,N039,농심과자039,1123,1268.87,1413
2026-03-06,네이버쇼핑,농심,N040,농심과자040,1157,1300.8,1445
2026-03-06,네이버쇼핑,농심,N041,농심과자041,1166,1312.1,1457
2026-03-06,네이버쇼핑,농심,N042,농심과자042,1187,1332.87,1478
2026-03-06,네이버쇼핑,농심,N043,농심과자043,1165,1308.9,1454
2026-03-06,네이버쇼핑,농심,N044,농심과자044,1149,1295.23,1441
2026-03-06,네이버쇼핑,농심,N045,농심과자045,1165,1311.03,1455
2026-03-06,네이버쇼핑,농심,N046,농심과자046,1160,1304.9,1449
2026-03-06,네이버쇼핑,농심,N047,농심과자047,1192,1337.0,1481
2026-03-06,네이버쇼핑,농심,N048,농심과자048,1164,1308.03,1453
2026-03-06,네이버쇼핑,농심,N049,농심과자049,811,956.87,1101
2026-03-06,네이버쇼핑,오리온,O000,오리온과자000,843,987.2,1133
2026-03-06,네이버쇼핑,오리온,O001,오리온과자001,848,992.2,1137
2026-03-06,네이버쇼핑,오리온,O002,오리온과자002,897,1041.87,1187
2026-03-06,네이버쇼핑,오리온,O003,오리온과자003,884,1030.0,1176
2026-03-06,네이버쇼핑,오리온,O004,오리온과자004,922,1065.87,1210
2026-03-06,네이버쇼핑,오리온,O005,오리온과자005,889,1033.23,1179
2026-03-06,네이버쇼핑,오리온,O006,오리온과자006,927,1072.93,1219
2026-03-06,네이버쇼핑,오리온,O007,오리온과자007,903,1048.07,1193
2026-03-06,네이버쇼핑,오리온,O008,오리온과자008,947,1092.93,1237
2026-03-06,네이버쇼핑,오리온,O009,오리온과자009,945,1089.9,1236
2026-03-06,네이버쇼핑,오리온,O010,오리온과자010,901,1045.93,1192
2026-03-06,네이버쇼핑,오리온,O011,오리온과자011,943,1087.0,1232
2026-03-06,네이버쇼핑,오리온,O012,오리온과자012,959,1103.13,1248
2026-03-06,네이버쇼핑,오리온,O013,오리온과자013,971,1115.0,1260
2026-03-06,네이버쇼핑,오리온,O014,오리온과자014,991,1135.2,1281
2026-03-06,네이버쇼핑,오리온,O015,오리온과자015,968,1112.07,1257
2026-03-06,네이버쇼핑,오리온,O016,오리온과자016,953,1098.0,1242
2026-03-06,네이버쇼핑,오리온,O017,오리온과자017,968,1112.87,1257
2026-03-06,네이버쇼핑,오리온,O018,오리온과자018,963,1107.03,1252
2026-03-06,네이버쇼핑,오리온,O019,오리온과자019,993,1138.77,1284
2026-03-06,네이버쇼핑,오리온,O020,오리온과자020,1012,1157.03,1301
2026-03-06,네이버쇼핑,오리온,O021,오리온과자021,985,1128.73,1273
2026-03-06,네이버쇼핑,오리온,O022,오리온과자022,978,1123.03,1268
2026-03-06,네이버쇼핑,오리온,O023,오리온과자023,1024,1169.73,1315
2026-03-06,네이버쇼핑,오리온,O024,오리온과자024,1026,1171.1,1315
2026-03-06,네이버쇼핑,오리온,O025,오리온과자025,1013,1157.37,1301
2026-03-06,네이버쇼핑,오리온,O026,오리온과자026,1038,1182.03,1326
2026-03-06,네이버쇼핑,오리온,O027,오리온과자027,1015,1159.7,1305
2026-03-06,네이버쇼핑,오리온,O028,오리온과자028,1035,1179.67,1326
2026-03-06,네이버쇼핑,오리온,O029,오리온과자029,1063,1207.03,1351
2026-03-06,네이버쇼핑,오리온,O030,오리온과자030,1063,1208.93,1353
2026-03-06,네이버쇼핑,오리온,O031,오리온과자031,1053,1198.93,1345
2026-03-06,네이버쇼핑,오리온,O032,오리온과자032,1053,1197.03,1342
2026-03-06,네이버쇼핑,오리온,O033,오리온과자033,1065,1210.97,1357
2026-03-06,네이버쇼핑,오리온,O034,오리온과자034,1097,1240.93,1385
2026-03-06,네이버쇼핑,오리온,O035,오리온과자035,1068,1212.03,1358
2026-03-06,네이버쇼핑,오리온,O036,오리온과자036,1084,1227.97,1372
2026-03-06,네이버쇼핑,오리온,O037,오리온과자037,1098,1243.73,1389
2026-03-06,네이버쇼핑,오리온,O038,오리온과자038,1100,1244.03,1389
2026-03-06,네이버쇼핑,오리온,O039,오리온과자039,1103,1248.17,1394
2026-03-06,네이버쇼핑,오리온,O040,오리온과자040,1147,1290.93,1435
2026-03-06,네이버쇼핑,오리온,O041,오리온과자041,1181,1326.8,1472
2026-03-06,네이버쇼핑,오리온,O042,오리온과자042,1144,1287.8,1433
2026-03-06,네이버쇼핑,오리온,O043,오리온과자043,1184,1328.03,1473
2026-03-06,네이버쇼핑,오리온,O044,오리온과자044,1165,1308.77,1454
2026-03-06,네이버쇼핑,오리온,O045,오리온과자045,1207,1352.8,1497
2026-03-06,네이버쇼핑,오리온,O046,오리온과자046,1204,1349.8,1495
2026-03-06,네이버쇼핑,오리온,O047,오리온과자047,1225,1370.97,1515
2026-03-06,네이버쇼핑,오리온,O048,오리온과자048,1188,1331.83,1477
2026-03-06,네이버쇼핑,오리온,O049,오리온과자049,842,985.9,1130
2026-03-07,네이버쇼핑,빙그레,B000,빙그레과자000,863,1006.77,1151
2026-03-07,네이버쇼핑,빙그레,B001,빙그레과자001,873,1018.97,1163
2026-03-07,네이버쇼핑,빙그레,B002,빙그레과자002,844,990.2,1136
2026-03-07,네이버쇼핑,빙그레,B003,빙그레과자003,866,1011.0,1156
2026-03-07,네이버쇼핑,빙그레,B004,빙그레과자004,866,1010.33,1154
2026-03-07,네이버쇼핑,빙그레,B005,빙그레과자005,906,1050.9,1197
2026-03-07,네이버쇼핑,빙그레,B006,빙그레과자006,923,1066.97,1213
2026-03-07,네이버쇼핑,빙그레,B007,빙그레과자007,927,1072.93,1219
2026-03-07,네이버쇼핑,빙그레,B008,빙그레과자008,954,1099.03,1243
2026-03-07,네이버쇼핑,빙그레,B009,빙그레과자009,930,1075.53,1220
2026-03-07,네이버쇼핑,빙그레,B010,빙그레과자010,916,1061.9,1208
2026-03-07,네이버쇼핑,빙그레,B011,빙그레과자011,904,1048.27,1193
2026-03-07,네이버쇼핑,빙그레,B012,빙그레과자012,970,1116.07,1260
2026-03-07,네이버쇼핑,빙그레,B013,빙그레과자013,972,1117.93,1262
2026-03-07,네이버쇼핑,빙그레,B014,빙그레과자014,971,1115.13,1260
2026-03-07,네이버쇼핑,빙그레,B015,빙그레과자015,948,1093.1,1237
2026-03-07,네이버쇼핑,빙그레,B016,빙그레과자016,942,1086.47,1230
2026-03-07,네이버쇼핑,빙그레,B017,빙그레과자017,987,1132.9,1278
2026-03-07,네이버쇼핑,빙그레,B018,빙그레과자018,989,1135.03,1280
2026-03-07,네이버쇼핑,빙그레,B019,빙그레과자019,975,1121.1,1266
2026-03-07,네이버쇼핑,빙그레,B020,빙그레과자020,1017,1161.2,1307
2026-03-07,네이버쇼핑,빙그레,B021,빙그레과자021,1045,1189.1,1333
2026-03-07,네이버쇼핑,빙그레,B022,빙그레과자022,1023,1169.03,1313
2026-03-07,네이버쇼핑,빙그레,B023,빙그레과자023,1004,1149.8,1294
2026-03-07,네이버쇼핑,빙그레,B024,빙그레과자024,1028,1171.9,1318
2026-03-07,네이버쇼핑,빙그레,B025,빙그레과자025,1018,1163.03,1308
2026-03-07,네이버쇼핑,빙그레,B026,빙그레과자026,1017,1160.93,1306
2026-03-07,네이버쇼핑,빙그레,B027,빙그레과자027,1030,1175.07,1321
2026-03-07,네이버쇼핑,빙그레,B028,빙그레과자028,1053,1199.03,1344
2026-03-07,네이버쇼핑,빙그레,B029,빙그레과자029,1030,1175.77,1322
2026-03-07,네이버쇼핑,빙그레,B030,빙그레과자030,1054,1199.47,1344
2026-03-07,네이버쇼핑,빙그레,B031,빙그레과자031,1065,1210.97,1357
2026-03-07,네이버쇼핑,빙그레,B032,빙그레과자032,1072,1216.03,1361
2026-03-07,네이버쇼핑,빙그레,B033,빙그레과자033,1122,1266.13,1410
2026-03-07,네이버쇼핑,빙그레,B034,빙그레과자034,1111,1255.1,1401
2026-03-07,네이버쇼핑,빙그레,B035,빙그레과자035,1139,1285.17,1430
2026-03-07,네이버쇼핑,빙그레,B036,빙그레과자036,1108,1252.2,1397
2026-03-07,네이버쇼핑,빙그레,B037,빙그레과자037,1148,1291.67,1436
2026-03-07,네이버쇼핑,빙그레,B038,빙그레과자038,1126,1271.97,1417
2026-03-07,네이버쇼핑,빙그레,B039,빙그레과자039,1171,1316.8,1463
2026-03-07,네이버쇼핑,빙그레,B040,빙그레과자040,1128,1272.17,1416
2026-03-07,네이버쇼핑,빙그레,B041,빙그레과자041,1125,1271.2,1417
2026-03-07,네이버쇼핑,빙그레,B042,빙그레과자042,1161,1305.77,1450
2026-03-07,네이버쇼핑,빙그레,B043,빙그레과자043,1176,1321.97,1468
2026-03-07,네이버쇼핑,빙그레,B044,빙그레과자044,1188,1333.6,1480
2026-03-07,네이버쇼핑,빙그레,B045,빙그레과자045,1214,1358.93,1505
2026-03-07,네이버쇼핑,빙그레,B046,빙그레과자046,1190,1335.77,1480
2026-03-07,네이버쇼핑,빙그레,B047,빙그레과자047,1177,1321.97,1467
2026-03-07,네이버쇼핑,빙그레,B048,빙그레과자048,1194,1338.17,1483
2026-03-07,네이버쇼핑,빙그레,B049,빙그레과자049,831,975.97,1122
2026-03-07,네이버쇼핑,해태제과,H000,해태과자000,868,1014.2,1159
2026-03-07,네이버쇼핑,해태제과,H001,해태과자001,904,1048.0,1193
2026-03-07,네이버쇼핑,해태제과,H002,해태과자002,882,1028.0,1173
2026-03-07,네이버쇼핑,해태제과,H003,해태과자003,865,1009.27,1153
2026-03-07,네이버쇼핑,해태제과,H004,해태과자004,886,1031.73,1176
2026-03-07,네이버쇼핑,해태제과,H005,해태과자005,877,1021.97,1166
2026-03-07,네이버쇼핑,해태제과,H006,해태과자006,875,1020.2,1165
2026-03-07,네이버쇼핑,해태제과,H007,해태과자007,883,1027.9,1173
2026-03-07,네이버쇼핑,해태제과,H008,해태과자008,913,1057.93,1203
2026-03-07,네이버쇼핑,해태제과,H009,해태과자009,890,1035.23,1180
2026-03-07,네이버쇼핑,해태제과,H010,해태과자010,914,1059.2,1204
2026-03-07,네이버쇼핑,해태제과,H011,해태과자011,924,1070.13,1216
2026-03-07,네이버쇼핑,해태제과,H012,해태과자012,929,1074.97,1220
2026-03-07,네이버쇼핑,해태제과,H013,해태과자013,979,1125.17,1270
2026-03-07,네이버쇼핑,해태제과,H014,해태과자014,964,1108.13,1253
2026-03-07,네이버쇼핑,해태제과,H015,해태과자015,998,1144.03,1289
2026-03-07,네이버쇼핑,해태제과,H016,해태과자016,967,1110.8,1256
2026-03-07,네이버쇼핑,해태제과,H017,해태과자017,1006,1151.07,1297
2026-03-07,네이버쇼핑,해태제과,H018,해태과자018,988,1131.27,1276
2026-03-07,네이버쇼핑,해태제과,H019,해태과자019,1030,1176.03,1322
2026-03-07,네이버쇼핑,해태제과,H020,해태과자020,986,1131.03,1276
2026-03-07,네이버쇼핑,해태제과,H021,해태과자021,979,1124.2,1270
2026-03-07,네이버쇼핑,해태제과,H022,해태과자022,1021,1164.87,1310
2026-03-07,네이버쇼핑,해태제과,H023,해태과자023,1035,1180.97,1326
2026-03-07,네이버쇼핑,해태제과,H024,해태과자024,1048,1193.4,1338
2026-03-07,네이버쇼핑,해태제과,H025,해태과자025,1074,1218.33,1364
2026-03-07,네이버쇼핑,해태제과,H026,해태과자026,1051,1194.87,1340
2026-03-07,네이버쇼핑,해태제과,H027,해태과자027,1037,1181.13,1325
2026-03-07,네이버쇼핑,해태제과,H028,해태과자028,1045,1191.03,1337
2026-03-07,네이버쇼핑,해태제과,H029,해태과자029,1039,1185.13,1330
2026-03-07,네이버쇼핑,해태제과,H030,해태과자030,1088,1231.73,1376
2026-03-07,네이버쇼핑,해태제과,H031,해태과자031,1091,1235.03,1379
2026-03-07,네이버쇼핑,해태제과,H032,해태과자032,1068,1212.13,1356
2026-03-07,네이버쇼핑,해태제과,H033,해태과자033,1061,1206.07,1352
2026-03-07,네이버쇼핑,해태제과,H034,해태과자034,1107,1253.2,1399
2026-03-07,네이버쇼핑,해태제과,H035,해태과자035,1103,1248.87,1395
2026-03-07,네이버쇼핑,해태제과,H036,해태과자036,1089,1235.03,1379
2026-03-07,네이버쇼핑,해태제과,H037,해태과자037,1114,1259.7,1405
2026-03-07,네이버쇼핑,해태제과,H038,해태과자038,1092,1238.0,1384
2026-03-07,네이버쇼핑,해태제과,H039,해태과자039,1118,1263.67,1408
2026-03-07,네이버쇼핑,해태제과,H040,해태과자040,1123,1268.93,1414
2026-03-07,네이버쇼핑,해태제과,H041,해태과자041,1146,1292.1,1436
2026-03-07,네이버쇼핑,해태제과,H042,해태과자042,1133,1277.07,1421
2026-03-07,네이버쇼핑,해태제과,H043,해태과자043,1129,1274.9,1421
2026-03-07,네이버쇼핑,해태제과,H044,해태과자044,1145,1289.0,1435
2026-03-07,네이버쇼핑,해태제과,H045,해태과자045,1174,1319.07,1465
2026-03-07,네이버쇼핑,해태제과,H046,해태과자046,1150,1295.67,1440
2026-03-07,네이버쇼핑,해태제과,H047,해태과자047,1167,1311.13,1455
2026-03-07,네이버쇼핑,해태제과,H048,해태과자048,1182,1327.17,1471
2026-03-07,네이버쇼핑,해태제과,H049,해태과자049,826,971.87,1116
2026-03-07,네이버쇼핑,롯데,L000,롯데과자000,897,1043.2,1189
2026-03-07,네이버쇼핑,롯데,L001,롯데과자001,878,1022.47,1168
2026-03-07,네이버쇼핑,롯데,L002,롯데과자002,857,1003.3,1148
2026-03-07,네이버쇼핑,롯데,L003,롯데과자003,882,1026.03,1171
2026-03-07,네이버쇼핑,롯데,L004,롯데과자004,873,1017.07,1163
2026-03-07,네이버쇼핑,롯데,L005,롯데과자005,871,1014.83,1160
2026-03-07,네이버쇼핑,롯데,L006,롯데과자006,883,1029.07,1175
2026-03-07,네이버쇼핑,롯데,L007,롯데과자007,907,1053.07,1199
2026-03-07,네이버쇼핑,롯데,L008,롯데과자008,886,1029.6,1174
2026-03-07,네이버쇼핑,롯데,L009,롯데과자009,900,1045.1,1189
2026-03-07,네이버쇼핑,롯데,L010,롯데과자010,921,1065.2,1210
2026-03-07,네이버쇼핑,롯데,L011,롯데과자011,924,1070.17,1214
2026-03-07,네이버쇼핑,롯데,L012,롯데과자012,976,1120.1,1266
2026-03-07,네이버쇼핑,롯데,L013,롯데과자013,964,1109.17,1254
2026-03-07,네이버쇼핑,롯데,L014,롯데과자014,993,1139.27,1285
2026-03-07,네이버쇼핑,롯데,L015,롯데과자015,960,1105.53,1252
2026-03-07,네이버쇼핑,롯데,L016,롯데과자016,1001,1145.13,1291
2026-03-07,네이버쇼핑,롯데,L017,롯데과자017,982,1126.03,1271
2026-03-07,네이버쇼핑,롯데,L018,롯데과자018,1027,1170.7,1315
2026-03-07,네이버쇼핑,롯데,L019,롯데과자019,1022,1167.87,1312
2026-03-07,네이버쇼핑,롯데,L020,롯데과자020,980,1125.13,1270
2026-03-07,네이버쇼핑,롯데,L021,롯데과자021,1015,1160.07,1305
2026-03-07,네이버쇼핑,롯데,L022,롯데과자022,1032,1175.6,1322
2026-03-07,네이버쇼핑,롯데,L023,롯데과자023,1043,1187.03,1333
2026-03-07,네이버쇼핑,롯데,L024,롯데과자024,1069,1213.13,1357
2026-03-07,네이버쇼핑,롯데,L025,롯데과자025,1046,1190.0,1336
2026-03-07,네이버쇼핑,롯데,L026,롯데과자026,1031,1176.1,1321
2026-03-07,네이버쇼핑,롯데,L027,롯데과자027,1046,1191.87,1337
2026-03-07,네이버쇼핑,롯데,L028,롯데과자028,1035,1179.87,1326
2026-03-07,네이버쇼핑,롯데,L029,롯데과자029,1068,1211.93,1356
2026-03-07,네이버쇼핑,롯데,L030,롯데과자030,1083,1228.97,1374
2026-03-07,네이버쇼핑,롯데,L031,롯데과자031,1061,1206.87,1351
2026-03-07,네이버쇼핑,롯데,L032,롯데과자032,1056,1200.87,1347
2026-03-07,네이버쇼핑,롯데,L033,롯데과자033,1102,1247.6,1393
2026-03-07,네이버쇼핑,롯데,L034,롯데과자034,1106,1249.8,1396
2026-03-07,네이버쇼핑,롯데,L035,롯데과자035,1084,1230.07,1375
2026-03-07,네이버쇼핑,롯데,L036,롯데과자036,1110,1254.4,1400
2026-03-07,네이버쇼핑,롯데,L037,롯데과자037,1088,1231.97,1377
2026-03-07,네이버쇼핑,롯데,L038,롯데과자038,1112,1257.73,1402
2026-03-07,네이버쇼핑,롯데,L039,롯데과자039,1140,1285.03,1429
2026-03-07,네이버쇼핑,롯데,L040,롯데과자040,1142,1286.83,1431
2026-03-07,네이버쇼핑,롯데,L041,롯데과자041,1132,1278.0,1422
2026-03-07,네이버쇼핑,롯데,L042,롯데과자042,1124,1270.1,1414
2026-03-07,네이버쇼핑,롯데,L043,롯데과자043,1138,1283.73,1430
2026-03-07,네이버쇼핑,롯데,L044,롯데과자044,1167,1312.93,1458
2026-03-07,네이버쇼핑,롯데,L045,롯데과자045,1146,1290.03,1436
2026-03-07,네이버쇼핑,롯데,L046,롯데과자046,1162,1306.0,1451
2026-03-07,네이버쇼핑,롯데,L047,롯데과자047,1178,1322.03,1467
2026-03-07,네이버쇼핑,롯데,L048,롯데과자048,1178,1322.97,1469
2026-03-07,네이버쇼핑,롯데,L049,롯데과자049,827,970.83,1115
2026-03-07,네이버쇼핑,농심,N000,농심과자000,841,987.03,1133
2026-03-07,네이버쇼핑,농심,N001,농심과자001,842,986.27,1131
2026-03-07,네이버쇼핑,농심,N002,농심과자002,881,1026.8,1171
2026-03-07,네이버쇼핑,농심,N003,농심과자003,898,1042.4,1188
2026-03-07,네이버쇼핑,농심,N004,농심과자004,909,1054.0,1200
2026-03-07,네이버쇼핑,농심,N005,농심과자005,934,1079.93,1225
2026-03-07,네이버쇼핑,농심,N006,농심과자006,911,1056.8,1201
2026-03-07,네이버쇼핑,농심,N007,농심과자007,892,1036.97,1182
2026-03-07,네이버쇼핑,농심,N008,농심과자008,907,1052.77,1198
2026-03-07,네이버쇼핑,농심,N009,농심과자009,903,1046.9,1191
2026-03-07,네이버쇼핑,농심,N010,농심과자010,948,1093.93,1238
2026-03-07,네이버쇼핑,농심,N011,농심과자011,950,1096.17,1242
2026-03-07,네이버쇼핑,농심,N012,농심과자012,929,1073.83,1219
2026-03-07,네이버쇼핑,농심,N013,농심과자013,924,1068.2,1214
2026-03-07,네이버쇼핑,농심,N014,농심과자014,963,1108.87,1255
2026-03-07,네이버쇼핑,농심,N015,농심과자015,966,1110.73,1255
2026-03-07,네이버쇼핑,농심,N016,농심과자016,951,1097.07,1242
2026-03-07,네이버쇼핑,농심,N017,농심과자017,978,1121.53,1268
2026-03-07,네이버쇼핑,농심,N018,농심과자018,954,1099.13,1245
2026-03-07,네이버쇼핑,농심,N019,농심과자019,981,1125.17,1270
2026-03-07,네이버쇼핑,농심,N020,농심과자020,985,1130.83,1275
2026-03-07,네이버쇼핑,농심,N021,농심과자021,1004,1147.97,1294
2026-03-07,네이버쇼핑,농심,N022,농심과자022,995,1139.03,1283
2026-03-07,네이버쇼핑,농심,N023,농심과자023,991,1137.0,1282
2026-03-07,네이버쇼핑,농심,N024,농심과자024,1006,1150.0,1294
2026-03-07,네이버쇼핑,농심,N025,농심과자025,1035,1180.13,1325
2026-03-07,네이버쇼핑,농심,N026,농심과자026,1012,1156.97,1301
2026-03-07,네이버쇼핑,농심,N027,농심과자027,1028,1172.93,1318
2026-03-07,네이버쇼핑,농심,N028,농심과자028,1038,1183.0,1327
2026-03-07,네이버쇼핑,농심,N029,농심과자029,1039,1183.77,1328
2026-03-07,네이버쇼핑,농심,N030,농심과자030,1096,1242.2,1387
2026-03-07,네이버쇼핑,농심,N031,농심과자031,1086,1230.13,1374
2026-03-07,네이버쇼핑,농심,N032,농심과자032,1122,1266.13,1410
2026-03-07,네이버쇼핑,농심,N033,농심과자033,1089,1232.87,1377
2026-03-07,네이버쇼핑,농심,N034,농심과자034,1128,1273.13,1419
2026-03-07,네이버쇼핑,농심,N035,농심과자035,1103,1247.9,1393
2026-03-07,네이버쇼핑,농심,N036,농심과자036,1149,1293.07,1438
2026-03-07,네이버쇼핑,농심,N037,농심과자037,1146,1289.93,1434
2026-03-07,네이버쇼핑,농심,N038,농심과자038,1166,1310.27,1456
2026-03-07,네이버쇼핑,농심,N039,농심과자039,1126,1270.97,1415
2026-03-07,네이버쇼핑,농심,N040,농심과자040,1157,1302.93,1448
2026-03-07,네이버쇼핑,농심,N041,농심과자041,1170,1314.9,1459
2026-03-07,네이버쇼핑,농심,N042,농심과자042,1189,1334.83,1480
2026-03-07,네이버쇼핑,농심,N043,농심과자043,1166,1312.0,1457
2026-03-07,네이버쇼핑,농심,N044,농심과자044,1152,1297.97,1442
2026-03-07,네이버쇼핑,농심,N045,농심과자045,1170,1313.4,1458
2026-03-07,네이버쇼핑,농심,N046,농심과자046,1163,1307.2,1451
2026-03-07,네이버쇼핑,농심,N047,농심과자047,1194,1339.3,1483
2026-03-07,네이버쇼핑,농심,N048,농심과자048,1165,1311.03,1457
2026-03-07,네이버쇼핑,농심,N049,농심과자049,814,958.83,1104
2026-03-07,네이버쇼핑,오리온,O000,오리온과자000,843,989.1,1135
2026-03-07,네이버쇼핑,오리온,O001,오리온과자001,850,993.97,1139
2026-03-07,네이버쇼핑,오리온,O002,오리온과자002,898,1043.87,1188
2026-03-07,네이버쇼핑,오리온,O003,오리온과자003,887,1033.1,1179
2026-03-07,네이버쇼핑,오리온,O004,오리온과자004,925,1068.97,1213
2026-03-07,네이버쇼핑,오리온,O005,오리온과자005,890,1035.87,1180
2026-03-07,네이버쇼핑,오리온,O006,오리온과자006,931,1075.0,1219
2026-03-07,네이버쇼핑,오리온,O007,오리온과자007,905,1050.37,1196
2026-03-07,네이버쇼핑,오리온,O008,오리온과자008,951,1095.0,1240
2026-03-07,네이버쇼핑,오리온,O009,오리온과자009,948,1092.27,1237
2026-03-07,네이버쇼핑,오리온,O010,오리온과자010,903,1049.0,1193
2026-03-07,네이버쇼핑,오리온,O011,오리온과자011,946,1089.97,1235
2026-03-07,네이버쇼핑,오리온,O012,오리온과자012,960,1105.47,1250
2026-03-07,네이버쇼핑,오리온,O013,오리온과자013,973,1117.13,1261
2026-03-07,네이버쇼핑,오리온,O014,오리온과자014,991,1136.9,1281
2026-03-07,네이버쇼핑,오리온,O015,오리온과자015,968,1113.83,1260
2026-03-07,네이버쇼핑,오리온,O016,오리온과자016,954,1099.9,1246
2026-03-07,네이버쇼핑,오리온,O017,오리온과자017,971,1116.13,1261
2026-03-07,네이버쇼핑,오리온,O018,오리온과자018,964,1110.07,1255
2026-03-07,네이버쇼핑,오리온,O019,오리온과자019,998,1141.8,1286
2026-03-07,네이버쇼핑,오리온,O020,오리온과자020,1013,1158.97,1304
2026-03-07,네이버쇼핑,오리온,O021,오리온과자021,985,1130.9,1276
2026-03-07,네이버쇼핑,오리온,O022,오리온과자022,979,1125.0,1270
2026-03-07,네이버쇼핑,오리온,O023,오리온과자023,1026,1171.83,1316
2026-03-07,네이버쇼핑,오리온,O024,오리온과자024,1029,1174.07,1320
2026-03-07,네이버쇼핑,오리온,O025,오리온과자025,1015,1159.8,1305
2026-03-07,네이버쇼핑,오리온,O026,오리온과자026,1040,1184.4,1328
2026-03-07,네이버쇼핑,오리온,O027,오리온과자027,1016,1161.87,1308
2026-03-07,네이버쇼핑,오리온,O028,오리온과자028,1036,1181.77,1326
2026-03-07,네이버쇼핑,오리온,O029,오리온과자029,1065,1209.0,1354
2026-03-07,네이버쇼핑,오리온,O030,오리온과자030,1066,1211.23,1357
2026-03-07,네이버쇼핑,오리온,O031,오리온과자031,1057,1202.27,1348
2026-03-07,네이버쇼핑,오리온,O032,오리온과자032,1055,1199.93,1346
2026-03-07,네이버쇼핑,오리온,O033,오리온과자033,1070,1213.73,1358
2026-03-07,네이버쇼핑,오리온,O034,오리온과자034,1098,1243.0,1388
2026-03-07,네이버쇼핑,오리온,O035,오리온과자035,1070,1213.8,1358
2026-03-07,네이버쇼핑,오리온,O036,오리온과자036,1086,1230.03,1374
2026-03-07,네이버쇼핑,오리온,O037,오리온과자037,1102,1245.97,1390
2026-03-07,네이버쇼핑,오리온,O038,오리온과자038,1101,1246.9,1392
2026-03-07,네이버쇼핑,오리온,O039,오리온과자039,1105,1250.83,1395
2026-03-07,네이버쇼핑,오리온,O040,오리온과자040,1148,1293.8,1438
2026-03-07,네이버쇼핑,오리온,O041,오리온과자041,1185,1328.9,1473
2026-03-07,네이버쇼핑,오리온,O042,오리온과자042,1146,1289.9,1434
2026-03-07,네이버쇼핑,오리온,O043,오리온과자043,1186,1329.93,1476
2026-03-07,네이버쇼핑,오리온,O044,오리온과자044,1167,1310.77,1455
2026-03-07,네이버쇼핑,오리온,O045,오리온과자045,1210,1355.97,1502
2026-03-07,네이버쇼핑,오리온,O046,오리온과자046,1207,1352.87,1499
2026-03-07,네이버쇼핑,오리온,O047,오리온과자047,1230,1373.53,1518
2026-03-07,네이버쇼핑,오리온,O048,오리온과자048,1190,1334.1,1480
2026-03-07,네이버쇼핑,오리온,O049,오리온과자049,844,988.03,1133
2026-03-08,네이버쇼핑,빙그레,B000,빙그레과자000,863,1008.93,1154
2026-03-08,네이버쇼핑,빙그레,B001,빙그레과자001,877,1021.13,1166
2026-03-08,네이버쇼핑,빙그레,B002,빙그레과자002,847,993.1,1139
2026-03-08,네이버쇼핑,빙그레,B003,빙그레과자003,869,1014.3,1158
2026-03-08,네이버쇼핑,빙그레,B004,빙그레과자004,868,1013.27,1157
2026-03-08,네이버쇼핑,빙그레,B005,빙그레과자005,909,1054.0,1199
2026-03-08,네이버쇼핑,빙그레,B006,빙그레과자006,926,1069.93,1215
2026-03-08,네이버쇼핑,빙그레,B007,빙그레과자007,931,1074.9,1219
2026-03-08,네이버쇼핑,빙그레,B008,빙그레과자008,956,1101.0,1247
2026-03-08,네이버쇼핑,빙그레,B009,빙그레과자009,933,1078.0,1223
2026-03-08,네이버쇼핑,빙그레,B010,빙그레과자010,919,1064.9,1209
2026-03-08,네이버쇼핑,빙그레,B011,빙그레과자011,907,1051.23,1197
2026-03-08,네이버쇼핑,빙그레,B012,빙그레과자012,975,1119.27,1264
2026-03-08,네이버쇼핑,빙그레,B013,빙그레과자013,975,1120.93,1267
2026-03-08,네이버쇼핑,빙그레,B014,빙그레과자014,973,1117.27,1261
2026-03-08,네이버쇼핑,빙그레,B015,빙그레과자015,950,1095.0,1241
2026-03-08,네이버쇼핑,빙그레,B016,빙그레과자016,944,1088.97,1233
2026-03-08,네이버쇼핑,빙그레,B017,빙그레과자017,992,1135.9,1281
2026-03-08,네이버쇼핑,빙그레,B018,빙그레과자018,992,1138.07,1284
2026-03-08,네이버쇼핑,빙그레,B019,빙그레과자019,979,1124.0,1269
2026-03-08,네이버쇼핑,빙그레,B020,빙그레과자020,1018,1164.03,1310
2026-03-08,네이버쇼핑,빙그레,B021,빙그레과자021,1047,1191.13,1335
2026-03-08,네이버쇼핑,빙그레,B022,빙그레과자022,1025,1171.07,1316
2026-03-08,네이버쇼핑,빙그레,B023,빙그레과자023,1008,1151.87,1298
2026-03-08,네이버쇼핑,빙그레,B024,빙그레과자024,1029,1174.63,1320
2026-03-08,네이버쇼핑,빙그레,B025,빙그레과자025,1021,1165.97,1312
2026-03-08,네이버쇼핑,빙그레,B026,빙그레과자026,1020,1163.97,1310
2026-03-08,네이버쇼핑,빙그레,B027,빙그레과자027,1033,1177.9,1322
2026-03-08,네이버쇼핑,빙그레,B028,빙그레과자028,1055,1200.9,1346
2026-03-08,네이버쇼핑,빙그레,B029,빙그레과자029,1034,1178.1,1324
2026-03-08,네이버쇼핑,빙그레,B030,빙그레과자030,1056,1201.93,1347
2026-03-08,네이버쇼핑,빙그레,B031,빙그레과자031,1070,1214.03,1358
2026-03-08,네이버쇼핑,빙그레,B032,빙그레과자032,1075,1219.13,1365
2026-03-08,네이버쇼핑,빙그레,B033,빙그레과자033,1125,1268.97,1413
2026-03-08,네이버쇼핑,빙그레,B034,빙그레과자034,1114,1257.93,1404
2026-03-08,네이버쇼핑,빙그레,B035,빙그레과자035,1141,1287.13,1432
2026-03-08,네이버쇼핑,빙그레,B036,빙그레과자036,1110,1254.03,1400
2026-03-08,네이버쇼핑,빙그레,B037,빙그레과자037,1148,1293.9,1438
2026-03-08,네이버쇼핑,빙그레,B038,빙그레과자038,1130,1274.67,1419
2026-03-08,네이버쇼핑,빙그레,B039,빙그레과자039,1174,1320.0,1465
2026-03-08,네이버쇼핑,빙그레,B040,빙그레과자040,1130,1275.13,1420
2026-03-08,네이버쇼핑,빙그레,B041,빙그레과자041,1129,1274.0,1420
2026-03-08,네이버쇼핑,빙그레,B042,빙그레과자042,1163,1308.13,1453
2026-03-08,네이버쇼핑,빙그레,B043,빙그레과자043,1180,1324.07,1469
2026-03-08,네이버쇼핑,빙그레,B044,빙그레과자044,1191,1335.97,1481
2026-03-08,네이버쇼핑,빙그레,B045,빙그레과자045,1216,1362.07,1507
2026-03-08,네이버쇼핑,빙그레,B046,빙그레과자046,1194,1339.17,1484
2026-03-08,네이버쇼핑,빙그레,B047,빙그레과자047,1179,1324.83,1471
2026-03-08,네이버쇼핑,빙그레,B048,빙그레과자048,1196,1340.87,1486
2026-03-08,네이버쇼핑,빙그레,B049,빙그레과자049,832,978.2,1123
2026-03-08,네이버쇼핑,해태제과,H000,해태과자000,870,1015.83,1160
2026-03-08,네이버쇼핑,해태제과,H001,해태과자001,904,1050.1,1196
2026-03-08,네이버쇼핑,해태제과,H002,해태과자002,885,1030.2,1175
2026-03-08,네이버쇼핑,해태제과,H003,해태과자003,865,1010.57,1156
2026-03-08,네이버쇼핑,해태제과,H004,해태과자004,889,1034.3,1180
2026-03-08,네이버쇼핑,해태제과,H005,해태과자005,881,1024.93,1169
2026-03-08,네이버쇼핑,해태제과,H006,해태과자006,878,1023.03,1168
2026-03-08,네이버쇼핑,해태제과,H007,해태과자007,886,1030.13,1176
2026-03-08,네이버쇼핑,해태제과,H008,해태과자008,915,1059.97,1206
2026-03-08,네이버쇼핑,해태제과,H009,해태과자009,893,1036.93,1183
2026-03-08,네이버쇼핑,해태제과,H010,해태과자010,915,1060.87,1205
2026-03-08,네이버쇼핑,해태제과,H011,해태과자011,929,1072.87,1219
2026-03-08,네이버쇼핑,해태제과,H012,해태과자012,932,1078.07,1224
2026-03-08,네이버쇼핑,해태제과,H013,해태과자013,984,1128.17,1272
2026-03-08,네이버쇼핑,해태제과,H014,해태과자014,964,1109.9,1256
2026-03-08,네이버쇼핑,해태제과,H015,해태과자015,1002,1146.17,1291
2026-03-08,네이버쇼핑,해태제과,H016,해태과자016,969,1113.27,1259
2026-03-08,네이버쇼핑,해태제과,H017,해태과자017,1009,1152.93,1299
2026-03-08,네이버쇼핑,해태제과,H018,해태과자018,988,1133.83,1278
2026-03-08,네이버쇼핑,해태제과,H019,해태과자019,1033,1179.0,1324
2026-03-08,네이버쇼핑,해태제과,H020,해태과자020,989,1134.37,1279
2026-03-08,네이버쇼핑,해태제과,H021,해태과자021,982,1126.13,1271
2026-03-08,네이버쇼핑,해태제과,H022,해태과자022,1021,1167.03,1311
2026-03-08,네이버쇼핑,해태제과,H023,해태과자023,1038,1182.97,1327
2026-03-08,네이버쇼핑,해태제과,H024,해태과자024,1050,1195.03,1341
2026-03-08,네이버쇼핑,해태제과,H025,해태과자025,1077,1221.07,1367
2026-03-08,네이버쇼핑,해태제과,H026,해태과자026,1052,1197.87,1344
2026-03-08,네이버쇼핑,해태제과,H027,해태과자027,1040,1183.73,1328
2026-03-08,네이버쇼핑,해태제과,H028,해태과자028,1047,1193.03,1337
2026-03-08,네이버쇼핑,해태제과,H029,해태과자029,1043,1187.27,1333
2026-03-08,네이버쇼핑,해태제과,H030,해태과자030,1088,1233.97,1380
2026-03-08,네이버쇼핑,해태제과,H031,해태과자031,1092,1237.17,1383
2026-03-08,네이버쇼핑,해태제과,H032,해태과자032,1069,1215.1,1361
2026-03-08,네이버쇼핑,해태제과,H033,해태과자033,1065,1209.2,1355
2026-03-08,네이버쇼핑,해태제과,H034,해태과자034,1110,1256.1,1402
2026-03-08,네이버쇼핑,해태제과,H035,해태과자035,1105,1250.87,1396
2026-03-08,네이버쇼핑,해태제과,H036,해태과자036,1092,1237.17,1383
2026-03-08,네이버쇼핑,해태제과,H037,해태과자037,1117,1261.9,1408
2026-03-08,네이버쇼핑,해태제과,H038,해태과자038,1094,1239.93,1385
2026-03-08,네이버쇼핑,해태제과,H039,해태과자039,1121,1265.97,1412
2026-03-08,네이버쇼핑,해태제과,H040,해태과자040,1128,1272.13,1417
2026-03-08,네이버쇼핑,해태제과,H041,해태과자041,1150,1294.8,1440
2026-03-08,네이버쇼핑,해태제과,H042,해태과자042,1133,1278.77,1425
2026-03-08,네이버쇼핑,해태제과,H043,해태과자043,1133,1277.03,1422
2026-03-08,네이버쇼핑,해태제과,H044,해태과자044,1147,1291.0,1437
2026-03-08,네이버쇼핑,해태제과,H045,해태과자045,1175,1320.97,1467
2026-03-08,네이버쇼핑,해태제과,H046,해태과자046,1152,1298.23,1444
2026-03-08,네이버쇼핑,해태제과,H047,해태과자047,1168,1313.73,1458
2026-03-08,네이버쇼핑,해태제과,H048,해태과자048,1186,1330.0,1474
2026-03-08,네이버쇼핑,해태제과,H049,해태과자049,828,974.13,1120
2026-03-08,네이버쇼핑,롯데,L000,롯데과자000,901,1045.33,1191
2026-03-08,네이버쇼핑,롯데,L001,롯데과자001,881,1025.2,1169
2026-03-08,네이버쇼핑,롯데,L002,롯데과자002,862,1006.0,1152
2026-03-08,네이버쇼핑,롯데,L003,롯데과자003,884,1028.87,1174
2026-03-08,네이버쇼핑,롯데,L004,롯데과자004,876,1019.87,1166
2026-03-08,네이버쇼핑,롯데,L005,롯데과자005,874,1018.17,1162
2026-03-08,네이버쇼핑,롯데,L006,롯데과자006,887,1032.17,1176
2026-03-08,네이버쇼핑,롯데,L007,롯데과자007,911,1055.13,1199
2026-03-08,네이버쇼핑,롯데,L008,롯데과자008,886,1031.67,1176
2026-03-08,네이버쇼핑,롯데,L009,롯데과자009,903,1047.93,1194
2026-03-08,네이버쇼핑,롯데,L010,롯데과자010,923,1067.63,1213
2026-03-08,네이버쇼핑,롯데,L011,롯데과자011,927,1072.97,1218
2026-03-08,네이버쇼핑,롯데,L012,롯데과자012,977,1123.0,1269
2026-03-08,네이버쇼핑,롯데,L013,롯데과자013,967,1112.2,1258
2026-03-08,네이버쇼핑,롯데,L014,롯데과자014,995,1141.33,1287
2026-03-08,네이버쇼핑,롯데,L015,롯데과자015,963,1108.1,1253
2026-03-08,네이버쇼핑,롯데,L016,롯데과자016,1003,1148.07,1292
2026-03-08,네이버쇼핑,롯데,L017,롯데과자017,985,1128.93,1273
2026-03-08,네이버쇼핑,롯데,L018,롯데과자018,1028,1173.93,1318
2026-03-08,네이버쇼핑,롯데,L019,롯데과자019,1026,1170.87,1317
2026-03-08,네이버쇼핑,롯데,L020,롯데과자020,983,1127.73,1273
2026-03-08,네이버쇼핑,롯데,L021,롯데과자021,1018,1161.9,1306
2026-03-08,네이버쇼핑,롯데,L022,롯데과자022,1032,1178.0,1324
2026-03-08,네이버쇼핑,롯데,L023,롯데과자023,1045,1190.07,1336
2026-03-08,네이버쇼핑,롯데,L024,롯데과자024,1071,1216.2,1360
2026-03-08,네이버쇼핑,롯데,L025,롯데과자025,1047,1193.07,1339
2026-03-08,네이버쇼핑,롯데,L026,롯데과자026,1035,1178.87,1325
2026-03-08,네이버쇼핑,롯데,L027,롯데과자027,1049,1195.07,1340
2026-03-08,네이버쇼핑,롯데,L028,롯데과자028,1036,1182.23,1328
2026-03-08,네이버쇼핑,롯데,L029,롯데과자029,1068,1213.83,1359
2026-03-08,네이버쇼핑,롯데,L030,롯데과자030,1087,1231.9,1377
2026-03-08,네이버쇼핑,롯데,L031,롯데과자031,1066,1210.1,1354
2026-03-08,네이버쇼핑,롯데,L032,롯데과자032,1058,1203.8,1348
2026-03-08,네이버쇼핑,롯데,L033,롯데과자033,1105,1250.8,1395
2026-03-08,네이버쇼핑,롯데,L034,롯데과자034,1108,1253.13,1397
2026-03-08,네이버쇼핑,롯데,L035,롯데과자035,1088,1232.07,1378
2026-03-08,네이버쇼핑,롯데,L036,롯데과자036,1111,1256.57,1401
2026-03-08,네이버쇼핑,롯데,L037,롯데과자037,1090,1234.97,1381
2026-03-08,네이버쇼핑,롯데,L038,롯데과자038,1117,1261.27,1406
2026-03-08,네이버쇼핑,롯데,L039,롯데과자039,1142,1287.87,1434
2026-03-08,네이버쇼핑,롯데,L040,롯데과자040,1145,1290.0,1436
2026-03-08,네이버쇼핑,롯데,L041,롯데과자041,1136,1280.93,1426
2026-03-08,네이버쇼핑,롯데,L042,롯데과자042,1126,1271.77,1416
2026-03-08,네이버쇼핑,롯데,L043,롯데과자043,1140,1286.03,1430
2026-03-08,네이버쇼핑,롯데,L044,롯데과자044,1172,1316.07,1460
2026-03-08,네이버쇼핑,롯데,L045,롯데과자045,1149,1293.07,1438
2026-03-08,네이버쇼핑,롯데,L046,롯데과자046,1164,1308.93,1454
2026-03-08,네이버쇼핑,롯데,L047,롯데과자047,1179,1324.73,1470
2026-03-08,네이버쇼핑,롯데,L048,롯데과자048,1182,1326.13,1470
2026-03-08,네이버쇼핑,롯데,L049,롯데과자049,829,972.97,1117
2026-03-08,네이버쇼핑,농심,N000,농심과자000,844,989.33,1134
2026-03-08,네이버쇼핑,농심,N001,농심과자001,843,987.93,1134
2026-03-08,네이버쇼핑,농심,N002,농심과자002,883,1029.07,1174
2026-03-08,네이버쇼핑,농심,N003,농심과자003,901,1045.0,1190
2026-03-08,네이버쇼핑,농심,N004,농심과자004,911,1056.87,1201
2026-03-08,네이버쇼핑,농심,N005,농심과자005,937,1083.0,1228
2026-03-08,네이버쇼핑,농심,N006,농심과자006,916,1059.83,1204
2026-03-08,네이버쇼핑,농심,N007,농심과자007,894,1039.2,1185
2026-03-08,네이버쇼핑,농심,N008,농심과자008,910,1054.87,1199
2026-03-08,네이버쇼핑,농심,N009,농심과자009,904,1048.93,1195
2026-03-08,네이버쇼핑,농심,N010,농심과자010,951,1096.03,1241
2026-03-08,네이버쇼핑,농심,N011,농심과자011,955,1099.0,1245
2026-03-08,네이버쇼핑,농심,N012,농심과자012,933,1076.93,1222
2026-03-08,네이버쇼핑,농심,N013,농심과자013,925,1070.67,1215
2026-03-08,네이버쇼핑,농심,N014,농심과자014,967,1110.8,1255
2026-03-08,네이버쇼핑,농심,N015,농심과자015,969,1113.2,1258
2026-03-08,네이버쇼핑,농심,N016,농심과자016,955,1099.1,1243
2026-03-08,네이버쇼핑,농심,N017,농심과자017,979,1124.03,1269
2026-03-08,네이버쇼핑,농심,N018,농심과자018,958,1101.97,1248
2026-03-08,네이버쇼핑,농심,N019,농심과자019,982,1127.63,1272
2026-03-08,네이버쇼핑,농심,N020,농심과자020,989,1133.87,1278
2026-03-08,네이버쇼핑,농심,N021,농심과자021,1006,1150.0,1296
2026-03-08,네이버쇼핑,농심,N022,농심과자022,995,1141.03,1287
2026-03-08,네이버쇼핑,농심,N023,농심과자023,994,1138.93,1284
2026-03-08,네이버쇼핑,농심,N024,농심과자024,1009,1152.93,1297
2026-03-08,네이버쇼핑,농심,N025,농심과자025,1039,1182.87,1328
2026-03-08,네이버쇼핑,농심,N026,농심과자026,1015,1160.2,1304
2026-03-08,네이버쇼핑,농심,N027,농심과자027,1031,1175.97,1322
2026-03-08,네이버쇼핑,농심,N028,농심과자028,1040,1185.23,1331
2026-03-08,네이버쇼핑,농심,N029,농심과자029,1041,1186.0,1331
2026-03-08,네이버쇼핑,농심,N030,농심과자030,1098,1243.9,1390
2026-03-08,네이버쇼핑,농심,N031,농심과자031,1087,1232.97,1378
2026-03-08,네이버쇼핑,농심,N032,농심과자032,1123,1268.87,1414
2026-03-08,네이버쇼핑,농심,N033,농심과자033,1091,1235.9,1381
2026-03-08,네이버쇼핑,농심,N034,농심과자034,1130,1275.8,1421
2026-03-08,네이버쇼핑,농심,N035,농심과자035,1105,1250.53,1396
2026-03-08,네이버쇼핑,농심,N036,농심과자036,1149,1295.1,1439
2026-03-08,네이버쇼핑,농심,N037,농심과자037,1146,1292.1,1437
2026-03-08,네이버쇼핑,농심,N038,농심과자038,1167,1313.03,1458
2026-03-08,네이버쇼핑,농심,N039,농심과자039,1130,1274.07,1418
2026-03-08,네이버쇼핑,농심,N040,농심과자040,1162,1306.17,1452
2026-03-08,네이버쇼핑,농심,N041,농심과자041,1172,1317.8,1464
2026-03-08,네이버쇼핑,농심,N042,농심과자042,1191,1336.77,1482
2026-03-08,네이버쇼핑,농심,N043,농심과자043,1168,1314.03,1460
2026-03-08,네이버쇼핑,농심,N044,농심과자044,1156,1300.23,1446
2026-03-08,네이버쇼핑,농심,N045,농심과자045,1171,1316.2,1462
2026-03-08,네이버쇼핑,농심,N046,농심과자046,1164,1310.07,1456
2026-03-08,네이버쇼핑,농심,N047,농심과자047,1197,1342.0,1487
2026-03-08,네이버쇼핑,농심,N048,농심과자048,1168,1313.97,1459
2026-03-08,네이버쇼핑,농심,N049,농심과자049,815,960.9,1107
2026-03-08,네이버쇼핑,오리온,O000,오리온과자000,846,990.97,1136
2026-03-08,네이버쇼핑,오리온,O001,오리온과자001,852,996.03,1141
2026-03-08,네이버쇼핑,오리온,O002,오리온과자002,901,1045.83,1192
2026-03-08,네이버쇼핑,오리온,O003,오리온과자003,890,1034.97,1179
2026-03-08,네이버쇼핑,오리온,O004,오리온과자004,926,1071.0,1215
2026-03-08,네이버쇼핑,오리온,O005,오리온과자005,892,1037.83,1182
2026-03-08,네이버쇼핑,오리온,O006,오리온과자006,932,1078.0,1224
2026-03-08,네이버쇼핑,오리온,O007,오리온과자007,907,1052.0,1197
2026-03-08,네이버쇼핑,오리온,O008,오리온과자008,952,1097.0,1243
2026-03-08,네이버쇼핑,오리온,O009,오리온과자009,950,1094.0,1239
2026-03-08,네이버쇼핑,오리온,O010,오리온과자010,907,1050.93,1195
2026-03-08,네이버쇼핑,오리온,O011,오리온과자011,948,1092.13,1236
2026-03-08,네이버쇼핑,오리온,O012,오리온과자012,964,1107.97,1253
2026-03-08,네이버쇼핑,오리온,O013,오리온과자013,974,1119.73,1266
2026-03-08,네이버쇼핑,오리온,O014,오리온과자014,993,1139.13,1285
2026-03-08,네이버쇼핑,오리온,O015,오리온과자015,972,1116.2,1261
2026-03-08,네이버쇼핑,오리온,O016,오리온과자016,957,1102.17,1246
2026-03-08,네이버쇼핑,오리온,O017,오리온과자017,972,1117.77,1263
2026-03-08,네이버쇼핑,오리온,O018,오리온과자018,968,1111.77,1258
2026-03-08,네이버쇼핑,오리온,O019,오리온과자019,999,1144.0,1288
2026-03-08,네이버쇼핑,오리온,O020,오리온과자020,1018,1161.9,1306
2026-03-08,네이버쇼핑,오리온,O021,오리온과자021,988,1133.23,1279
2026-03-08,네이버쇼핑,오리온,O022,오리온과자022,981,1127.13,1272
2026-03-08,네이버쇼핑,오리온,O023,오리온과자023,1028,1173.83,1320
2026-03-08,네이버쇼핑,오리온,O024,오리온과자024,1030,1176.0,1321
2026-03-08,네이버쇼핑,오리온,O025,오리온과자025,1016,1161.9,1307
2026-03-08,네이버쇼핑,오리온,O026,오리온과자026,1042,1187.2,1333
2026-03-08,네이버쇼핑,오리온,O027,오리온과자027,1021,1165.27,1310
2026-03-08,네이버쇼핑,오리온,O028,오리온과자028,1040,1183.8,1328
2026-03-08,네이버쇼핑,오리온,O029,오리온과자029,1065,1210.73,1356
2026-03-08,네이버쇼핑,오리온,O030,오리온과자030,1069,1213.1,1358
2026-03-08,네이버쇼핑,오리온,O031,오리온과자031,1058,1204.0,1348
2026-03-08,네이버쇼핑,오리온,O032,오리온과자032,1056,1202.03,1348
2026-03-08,네이버쇼핑,오리온,O033,오리온과자033,1071,1216.03,1362
2026-03-08,네이버쇼핑,오리온,O034,오리온과자034,1101,1246.27,1392
2026-03-08,네이버쇼핑,오리온,O035,오리온과자035,1070,1215.97,1360
2026-03-08,네이버쇼핑,오리온,O036,오리온과자036,1087,1231.93,1377
2026-03-08,네이버쇼핑,오리온,O037,오리온과자037,1102,1247.93,1393
2026-03-08,네이버쇼핑,오리온,O038,오리온과자038,1105,1248.8,1393
2026-03-08,네이버쇼핑,오리온,O039,오리온과자039,1107,1253.03,1398
2026-03-08,네이버쇼핑,오리온,O040,오리온과자040,1151,1296.0,1442
2026-03-08,네이버쇼핑,오리온,O041,오리온과자041,1188,1331.9,1476
2026-03-08,네이버쇼핑,오리온,O042,오리온과자042,1146,1291.87,1438
2026-03-08,네이버쇼핑,오리온,O043,오리온과자043,1187,1331.83,1476
2026-03-08,네이버쇼핑,오리온,O044,오리온과자044,1169,1313.13,1457
2026-03-08,네이버쇼핑,오리온,O045,오리온과자045,1212,1357.83,1504
2026-03-08,네이버쇼핑,오리온,O046,오리온과자046,1210,1355.03,1500
2026-03-08,네이버쇼핑,오리온,O047,오리온과자047,1230,1376.0,1522
2026-03-08,네이버쇼핑,오리온,O048,오리온과자048,1193,1337.03,1482
2026-03-08,네이버쇼핑,오리온,O049,오리온과자049,846,990.23,1135
2026-03-09,네이버쇼핑,빙그레,B000,빙그레과자000,866,1010.93,1155
2026-03-09,네이버쇼핑,빙그레,B001,빙그레과자001,878,1022.97,1169
2026-03-09,네이버쇼핑,빙그레,B002,빙그레과자002,852,995.6,1140
2026-03-09,네이버쇼핑,빙그레,B003,빙그레과자003,873,1016.93,1161
2026-03-09,네이버쇼핑,빙그레,B004,빙그레과자004,870,1016.1,1161
2026-03-09,네이버쇼핑,빙그레,B005,빙그레과자005,913,1056.97,1201
2026-03-09,네이버쇼핑,빙그레,B006,빙그레과자006,927,1072.9,1217
2026-03-09,네이버쇼핑,빙그레,B007,빙그레과자007,933,1077.23,1223
2026-03-09,네이버쇼핑,빙그레,B008,빙그레과자008,959,1102.9,1249
2026-03-09,네이버쇼핑,빙그레,B009,빙그레과자009,936,1080.33,1226
2026-03-09,네이버쇼핑,빙그레,B010,빙그레과자010,922,1068.03,1214
2026-03-09,네이버쇼핑,빙그레,B011,빙그레과자011,908,1054.0,1198
2026-03-09,네이버쇼핑,빙그레,B012,빙그레과자012,978,1121.9,1267
2026-03-09,네이버쇼핑,빙그레,B013,빙그레과자013,978,1123.53,1268
2026-03-09,네이버쇼핑,빙그레,B014,빙그레과자014,974,1119.07,1265
2026-03-09,네이버쇼핑,빙그레,B015,빙그레과자015,952,1097.1,1243
2026-03-09,네이버쇼핑,빙그레,B016,빙그레과자016,948,1091.93,1236
2026-03-09,네이버쇼핑,빙그레,B017,빙그레과자017,993,1138.9,1285
2026-03-09,네이버쇼핑,빙그레,B018,빙그레과자018,995,1140.87,1287
2026-03-09,네이버쇼핑,빙그레,B019,빙그레과자019,982,1126.87,1272
2026-03-09,네이버쇼핑,빙그레,B020,빙그레과자020,1023,1167.2,1313
2026-03-09,네이버쇼핑,빙그레,B021,빙그레과자021,1047,1192.87,1337
2026-03-09,네이버쇼핑,빙그레,B022,빙그레과자022,1029,1172.9,1318
2026-03-09,네이버쇼핑,빙그레,B023,빙그레과자023,1010,1154.53,1298
2026-03-09,네이버쇼핑,빙그레,B024,빙그레과자024,1032,1178.13,1322
2026-03-09,네이버쇼핑,빙그레,B025,빙그레과자025,1025,1168.93,1314
2026-03-09,네이버쇼핑,빙그레,B026,빙그레과자026,1021,1166.73,1311
2026-03-09,네이버쇼핑,빙그레,B027,빙그레과자027,1035,1181.13,1327
2026-03-09,네이버쇼핑,빙그레,B028,빙그레과자028,1059,1202.97,1347
2026-03-09,네이버쇼핑,빙그레,B029,빙그레과자029,1034,1179.97,1324
2026-03-09,네이버쇼핑,빙그레,B030,빙그레과자030,1060,1204.47,1350
2026-03-09,네이버쇼핑,빙그레,B031,빙그레과자031,1073,1217.1,1362
2026-03-09,네이버쇼핑,빙그레,B032,빙그레과자032,1077,1222.07,1368
2026-03-09,네이버쇼핑,빙그레,B033,빙그레과자033,1127,1272.1,1418
2026-03-09,네이버쇼핑,빙그레,B034,빙그레과자034,1117,1260.93,1407
2026-03-09,네이버쇼핑,빙그레,B035,빙그레과자035,1145,1288.87,1433
2026-03-09,네이버쇼핑,빙그레,B036,빙그레과자036,1110,1255.97,1402
2026-03-09,네이버쇼핑,빙그레,B037,빙그레과자037,1150,1296.33,1442
2026-03-09,네이버쇼핑,빙그레,B038,빙그레과자038,1132,1277.93,1422
2026-03-09,네이버쇼핑,빙그레,B039,빙그레과자039,1178,1322.87,1467
2026-03-09,네이버쇼핑,빙그레,B040,빙그레과자040,1132,1278.03,1424
2026-03-09,네이버쇼핑,빙그레,B041,빙그레과자041,1132,1276.8,1423
2026-03-09,네이버쇼핑,빙그레,B042,빙그레과자042,1165,1309.97,1456
2026-03-09,네이버쇼핑,빙그레,B043,빙그레과자043,1182,1326.23,1472
2026-03-09,네이버쇼핑,빙그레,B044,빙그레과자044,1194,1338.4,1484
2026-03-09,네이버쇼핑,빙그레,B045,빙그레과자045,1221,1364.83,1509
2026-03-09,네이버쇼핑,빙그레,B046,빙그레과자046,1196,1342.1,1486
2026-03-09,네이버쇼핑,빙그레,B047,빙그레과자047,1184,1328.07,1474
2026-03-09,네이버쇼핑,빙그레,B048,빙그레과자048,1199,1343.9,1489
2026-03-09,네이버쇼핑,빙그레,B049,빙그레과자049,834,979.93,1126
2026-03-09,네이버쇼핑,해태제과,H000,해태과자000,873,1018.2,1162
2026-03-09,네이버쇼핑,해태제과,H001,해태과자001,908,1052.07,1197
2026-03-09,네이버쇼핑,해태제과,H002,해태과자002,888,1032.03,1176
2026-03-09,네이버쇼핑,해태제과,H003,해태과자003,869,1013.07,1159
2026-03-09,네이버쇼핑,해태제과,H004,해태과자004,892,1036.4,1180
2026-03-09,네이버쇼핑,해태제과,H005,해태과자005,882,1028.07,1172
2026-03-09,네이버쇼핑,해태제과,H006,해태과자006,881,1025.8,1170
2026-03-09,네이버쇼핑,해태제과,H007,해태과자007,887,1032.13,1177
2026-03-09,네이버쇼핑,해태제과,H008,해태과자008,917,1062.0,1208
2026-03-09,네이버쇼핑,해태제과,H009,해태과자009,895,1039.0,1183
2026-03-09,네이버쇼핑,해태제과,H010,해태과자010,917,1062.9,1207
2026-03-09,네이버쇼핑,해태제과,H011,해태과자011,932,1075.87,1222
2026-03-09,네이버쇼핑,해태제과,H012,해태과자012,937,1080.93,1227
2026-03-09,네이버쇼핑,해태제과,H013,해태과자013,985,1130.9,1275
2026-03-09,네이버쇼핑,해태제과,H014,해태과자014,966,1112.0,1257
2026-03-09,네이버쇼핑,해태제과,H015,해태과자015,1003,1148.27,1294
2026-03-09,네이버쇼핑,해태제과,H016,해태과자016,971,1115.23,1261
2026-03-09,네이버쇼핑,해태제과,H017,해태과자017,1010,1154.8,1300
2026-03-09,네이버쇼핑,해태제과,H018,해태과자018,992,1136.27,1282
2026-03-09,네이버쇼핑,해태제과,H019,해태과자019,1037,1182.03,1326
2026-03-09,네이버쇼핑,해태제과,H020,해태과자020,992,1136.93,1281
2026-03-09,네이버쇼핑,해태제과,H021,해태과자021,983,1128.0,1274
2026-03-09,네이버쇼핑,해태제과,H022,해태과자022,1025,1169.0,1315
2026-03-09,네이버쇼핑,해태제과,H023,해태과자023,1040,1184.8,1329
2026-03-09,네이버쇼핑,해태제과,H024,해태과자024,1052,1197.03,1343
2026-03-09,네이버쇼핑,해태제과,H025,해태과자025,1080,1223.53,1368
2026-03-09,네이버쇼핑,해태제과,H026,해태과자026,1057,1200.9,1346
2026-03-09,네이버쇼핑,해태제과,H027,해태과자027,1041,1186.9,1331
2026-03-09,네이버쇼핑,해태제과,H028,해태과자028,1051,1194.8,1339
2026-03-09,네이버쇼핑,해태제과,H029,해태과자029,1045,1189.2,1334
2026-03-09,네이버쇼핑,해태제과,H030,해태과자030,1091,1236.07,1381
2026-03-09,네이버쇼핑,해태제과,H031,해태과자031,1095,1239.03,1384
2026-03-09,네이버쇼핑,해태제과,H032,해태과자032,1072,1217.93,1364
2026-03-09,네이버쇼핑,해태제과,H033,해태과자033,1066,1211.9,1358
2026-03-09,네이버쇼핑,해태제과,H034,해태과자034,1113,1259.03,1404
2026-03-09,네이버쇼핑,해태제과,H035,해태과자035,1107,1252.93,1399
2026-03-09,네이버쇼핑,해태제과,H036,해태과자036,1095,1238.97,1383
2026-03-09,네이버쇼핑,해태제과,H037,해태과자037,1120,1263.97,1410
2026-03-09,네이버쇼핑,해태제과,H038,해태과자038,1097,1241.83,1387
2026-03-09,네이버쇼핑,해태제과,H039,해태과자039,1124,1268.33,1412
2026-03-09,네이버쇼핑,해태제과,H040,해태과자040,1129,1274.97,1419
2026-03-09,네이버쇼핑,해태제과,H041,해태과자041,1152,1297.93,1442
2026-03-09,네이버쇼핑,해태제과,H042,해태과자042,1135,1281.03,1427
2026-03-09,네이버쇼핑,해태제과,H043,해태과자043,1133,1278.6,1423
2026-03-09,네이버쇼핑,해태제과,H044,해태과자044,1149,1293.1,1439
2026-03-09,네이버쇼핑,해태제과,H045,해태과자045,1179,1323.07,1468
2026-03-09,네이버쇼핑,해태제과,H046,해태과자046,1154,1300.13,1446
2026-03-09,네이버쇼핑,해태제과,H047,해태과자047,1172,1316.93,1462
2026-03-09,네이버쇼핑,해태제과,H048,해태과자048,1187,1332.93,1477
2026-03-09,네이버쇼핑,해태제과,H049,해태과자049,831,976.27,1122
2026-03-09,네이버쇼핑,롯데,L000,롯데과자000,901,1046.9,1192
2026-03-09,네이버쇼핑,롯데,L001,롯데과자001,882,1027.6,1172
2026-03-09,네이버쇼핑,롯데,L002,롯데과자002,865,1009.03,1154
2026-03-09,네이버쇼핑,롯데,L003,롯데과자003,886,1032.03,1178
2026-03-09,네이버쇼핑,롯데,L004,롯데과자004,879,1023.03,1167
2026-03-09,네이버쇼핑,롯데,L005,롯데과자005,876,1020.93,1166
2026-03-09,네이버쇼핑,롯데,L006,롯데과자006,890,1034.7,1179
2026-03-09,네이버쇼핑,롯데,L007,롯데과자007,911,1057.17,1202
2026-03-09,네이버쇼핑,롯데,L008,롯데과자008,890,1034.53,1180
2026-03-09,네이버쇼핑,롯데,L009,롯데과자009,905,1051.07,1196
2026-03-09,네이버쇼핑,롯데,L010,롯데과자010,926,1071.23,1217
2026-03-09,네이버쇼핑,롯데,L011,롯데과자011,930,1075.97,1221
2026-03-09,네이버쇼핑,롯데,L012,롯데과자012,980,1125.93,1271
2026-03-09,네이버쇼핑,롯데,L013,롯데과자013,971,1115.0,1259
2026-03-09,네이버쇼핑,롯데,L014,롯데과자014,997,1143.0,1289
2026-03-09,네이버쇼핑,롯데,L015,롯데과자015,966,1110.4,1256
2026-03-09,네이버쇼핑,롯데,L016,롯데과자016,1005,1150.87,1296
2026-03-09,네이버쇼핑,롯데,L017,롯데과자017,987,1132.2,1277
2026-03-09,네이버쇼핑,롯데,L018,롯데과자018,1031,1177.2,1322
2026-03-09,네이버쇼핑,롯데,L019,롯데과자019,1028,1174.23,1320
2026-03-09,네이버쇼핑,롯데,L020,롯데과자020,987,1131.1,1276
2026-03-09,네이버쇼핑,롯데,L021,롯데과자021,1018,1164.1,1309
2026-03-09,네이버쇼핑,롯데,L022,롯데과자022,1034,1180.33,1326
2026-03-09,네이버쇼핑,롯데,L023,롯데과자023,1048,1192.93,1337
2026-03-09,네이버쇼핑,롯데,L024,롯데과자024,1073,1218.93,1364
2026-03-09,네이버쇼핑,롯데,L025,롯데과자025,1051,1196.0,1340
2026-03-09,네이버쇼핑,롯데,L026,롯데과자026,1036,1182.23,1327
2026-03-09,네이버쇼핑,롯데,L027,롯데과자027,1053,1198.03,1342
2026-03-09,네이버쇼핑,롯데,L028,롯데과자028,1038,1183.93,1329
2026-03-09,네이버쇼핑,롯데,L029,롯데과자029,1070,1216.2,1360
2026-03-09,네이버쇼핑,롯데,L030,롯데과자030,1089,1235.07,1380
2026-03-09,네이버쇼핑,롯데,L031,롯데과자031,1069,1212.9,1357
2026-03-09,네이버쇼핑,롯데,L032,롯데과자032,1061,1207.0,1353
2026-03-09,네이버쇼핑,롯데,L033,롯데과자033,1108,1253.87,1399
2026-03-09,네이버쇼핑,롯데,L034,롯데과자034,1112,1256.1,1402
2026-03-09,네이버쇼핑,롯데,L035,롯데과자035,1089,1233.8,1378
2026-03-09,네이버쇼핑,롯데,L036,롯데과자036,1116,1259.73,1404
2026-03-09,네이버쇼핑,롯데,L037,롯데과자037,1092,1238.17,1384
2026-03-09,네이버쇼핑,롯데,L038,롯데과자038,1118,1263.97,1410
2026-03-09,네이버쇼핑,롯데,L039,롯데과자039,1145,1291.0,1437
2026-03-09,네이버쇼핑,롯데,L040,롯데과자040,1148,1292.83,1437
2026-03-09,네이버쇼핑,롯데,L041,롯데과자041,1138,1284.13,1430
2026-03-09,네이버쇼핑,롯데,L042,롯데과자042,1130,1273.9,1420
2026-03-09,네이버쇼핑,롯데,L043,롯데과자043,1144,1288.07,1434
2026-03-09,네이버쇼핑,롯데,L044,롯데과자044,1175,1319.2,1465
2026-03-09,네이버쇼핑,롯데,L045,롯데과자045,1152,1295.97,1442
2026-03-09,네이버쇼핑,롯데,L046,롯데과자046,1167,1312.23,1458
2026-03-09,네이버쇼핑,롯데,L047,롯데과자047,1182,1327.97,1473
2026-03-09,네이버쇼핑,롯데,L048,롯데과자048,1183,1328.87,1474
2026-03-09,네이버쇼핑,롯데,L049,롯데과자049,831,975.2,1119
2026-03-09,네이버쇼핑,농심,N000,농심과자000,846,991.03,1136
2026-03-09,네이버쇼핑,농심,N001,농심과자001,846,989.93,1135
2026-03-09,네이버쇼핑,농심,N002,농심과자002,886,1031.03,1176
2026-03-09,네이버쇼핑,농심,N003,농심과자003,902,1047.47,1192
2026-03-09,네이버쇼핑,농심,N004,농심과자004,914,1060.13,1205
2026-03-09,네이버쇼핑,농심,N005,농심과자005,940,1085.97,1231
2026-03-09,네이버쇼핑,농심,N006,농심과자006,918,1062.83,1208
2026-03-09,네이버쇼핑,농심,N007,농심과자007,897,1041.43,1186
2026-03-09,네이버쇼핑,농심,N008,농심과자008,913,1057.0,1201
2026-03-09,네이버쇼핑,농심,N009,농심과자009,906,1051.13,1195
2026-03-09,네이버쇼핑,농심,N010,농심과자010,954,1098.33,1244
2026-03-09,네이버쇼핑,농심,N011,농심과자011,957,1102.0,1248
2026-03-09,네이버쇼핑,농심,N012,농심과자012,935,1079.83,1224
2026-03-09,네이버쇼핑,농심,N013,농심과자013,928,1073.77,1218
2026-03-09,네이버쇼핑,농심,N014,농심과자014,967,1113.1,1259
2026-03-09,네이버쇼핑,농심,N015,농심과자015,970,1115.13,1260
2026-03-09,네이버쇼핑,농심,N016,농심과자016,957,1101.2,1247
2026-03-09,네이버쇼핑,농심,N017,농심과자017,982,1126.2,1272
2026-03-09,네이버쇼핑,농심,N018,농심과자018,961,1105.1,1250
2026-03-09,네이버쇼핑,농심,N019,농심과자019,987,1130.97,1276
2026-03-09,네이버쇼핑,농심,N020,농심과자020,992,1136.97,1281
2026-03-09,네이버쇼핑,농심,N021,농심과자021,1007,1151.8,1298
2026-03-09,네이버쇼핑,농심,N022,농심과자022,999,1143.13,1289
2026-03-09,네이버쇼핑,농심,N023,농심과자023,997,1141.07,1287
2026-03-09,네이버쇼핑,농심,N024,농심과자024,1012,1155.87,1300
2026-03-09,네이버쇼핑,농심,N025,농심과자025,1040,1185.93,1330
2026-03-09,네이버쇼핑,농심,N026,농심과자026,1017,1163.0,1307
2026-03-09,네이버쇼핑,농심,N027,농심과자027,1034,1178.77,1323
2026-03-09,네이버쇼핑,농심,N028,농심과자028,1041,1187.2,1332
2026-03-09,네이버쇼핑,농심,N029,농심과자029,1043,1188.03,1334
2026-03-09,네이버쇼핑,농심,N030,농심과자030,1100,1245.97,1392
2026-03-09,네이버쇼핑,농심,N031,농심과자031,1090,1235.47,1382
2026-03-09,네이버쇼핑,농심,N032,농심과자032,1127,1272.3,1418
2026-03-09,네이버쇼핑,농심,N033,농심과자033,1095,1239.2,1384
2026-03-09,네이버쇼핑,농심,N034,농심과자034,1133,1279.03,1424
2026-03-09,네이버쇼핑,농심,N035,농심과자035,1106,1252.2,1396
2026-03-09,네이버쇼핑,농심,N036,농심과자036,1151,1297.2,1443
2026-03-09,네이버쇼핑,농심,N037,농심과자037,1150,1293.97,1439
2026-03-09,네이버쇼핑,농심,N038,농심과자038,1170,1315.2,1460
2026-03-09,네이버쇼핑,농심,N039,농심과자039,1131,1276.9,1422
2026-03-09,네이버쇼핑,농심,N040,농심과자040,1165,1308.97,1453
2026-03-09,네이버쇼핑,농심,N041,농심과자041,1177,1320.93,1466
2026-03-09,네이버쇼핑,농심,N042,농심과자042,1195,1338.7,1484
2026-03-09,네이버쇼핑,농심,N043,농심과자043,1172,1316.17,1461
2026-03-09,네이버쇼핑,농심,N044,농심과자044,1158,1301.83,1447
2026-03-09,네이버쇼핑,농심,N045,농심과자045,1172,1318.27,1462
2026-03-09,네이버쇼핑,농심,N046,농심과자046,1167,1312.9,1459
2026-03-09,네이버쇼핑,농심,N047,농심과자047,1201,1344.93,1490
2026-03-09,네이버쇼핑,농심,N048,농심과자048,1173,1316.73,1461
2026-03-09,네이버쇼핑,농심,N049,농심과자049,819,963.37,1109
2026-03-09,네이버쇼핑,오리온,O000,오리온과자000,849,992.93,1138
2026-03-09,네이버쇼핑,오리온,O001,오리온과자001,854,998.1,1144
2026-03-09,네이버쇼핑,오리온,O002,오리온과자002,903,1048.13,1192
2026-03-09,네이버쇼핑,오리온,O003,오리온과자003,892,1037.13,1181
2026-03-09,네이버쇼핑,오리온,O004,오리온과자004,928,1072.97,1218
2026-03-09,네이버쇼핑,오리온,O005,오리온과자005,896,1040.07,1186
2026-03-09,네이버쇼핑,오리온,O006,오리온과자006,935,1081.03,1227
2026-03-09,네이버쇼핑,오리온,O007,오리온과자007,909,1053.8,1199
2026-03-09,네이버쇼핑,오리온,O008,오리온과자008,953,1098.97,1244
2026-03-09,네이버쇼핑,오리온,O009,오리온과자009,950,1096.3,1242
2026-03-09,네이버쇼핑,오리온,O010,오리온과자010,908,1053.17,1199
2026-03-09,네이버쇼핑,오리온,O011,오리온과자011,950,1094.13,1240
2026-03-09,네이버쇼핑,오리온,O012,오리온과자012,964,1110.0,1254
2026-03-09,네이버쇼핑,오리온,O013,오리온과자013,979,1122.97,1268
2026-03-09,네이버쇼핑,오리온,O014,오리온과자014,997,1141.03,1285
2026-03-09,네이버쇼핑,오리온,O015,오리온과자015,972,1118.03,1262
2026-03-09,네이버쇼핑,오리온,O016,오리온과자016,958,1104.07,1248
2026-03-09,네이버쇼핑,오리온,O017,오리온과자017,975,1120.13,1265
2026-03-09,네이버쇼핑,오리온,O018,오리온과자018,969,1114.07,1258
2026-03-09,네이버쇼핑,오리온,O019,오리온과자019,1000,1146.33,1290
2026-03-09,네이버쇼핑,오리온,O020,오리온과자020,1020,1165.0,1311
2026-03-09,네이버쇼핑,오리온,O021,오리온과자021,990,1134.67,1279
2026-03-09,네이버쇼핑,오리온,O022,오리온과자022,983,1128.93,1274
2026-03-09,네이버쇼핑,오리온,O023,오리온과자023,1031,1176.23,1322
2026-03-09,네이버쇼핑,오리온,O024,오리온과자024,1033,1177.87,1323
2026-03-09,네이버쇼핑,오리온,O025,오리온과자025,1020,1163.8,1308
2026-03-09,네이버쇼핑,오리온,O026,오리온과자026,1046,1189.8,1336
2026-03-09,네이버쇼핑,오리온,O027,오리온과자027,1023,1167.73,1314
2026-03-09,네이버쇼핑,오리온,O028,오리온과자028,1040,1185.97,1332
2026-03-09,네이버쇼핑,오리온,O029,오리온과자029,1069,1213.07,1357
2026-03-09,네이버쇼핑,오리온,O030,오리온과자030,1071,1215.03,1359
2026-03-09,네이버쇼핑,오리온,O031,오리온과자031,1060,1206.1,1351
2026-03-09,네이버쇼핑,오리온,O032,오리온과자032,1059,1204.1,1348
2026-03-09,네이버쇼핑,오리온,O033,오리온과자033,1072,1218.73,1364
2026-03-09,네이버쇼핑,오리온,O034,오리온과자034,1104,1248.93,1394
2026-03-09,네이버쇼핑,오리온,O035,오리온과자035,1074,1218.13,1364
2026-03-09,네이버쇼핑,오리온,O036,오리온과자036,1088,1233.87,1379
2026-03-09,네이버쇼핑,오리온,O037,오리온과자037,1106,1250.0,1394
2026-03-09,네이버쇼핑,오리온,O038,오리온과자038,1107,1250.97,1396
2026-03-09,네이버쇼핑,오리온,O039,오리온과자039,1111,1254.83,1400
2026-03-09,네이버쇼핑,오리온,O040,오리온과자040,1152,1298.53,1444
2026-03-09,네이버쇼핑,오리온,O041,오리온과자041,1191,1335.2,1481
2026-03-09,네이버쇼핑,오리온,O042,오리온과자042,1149,1293.83,1438
2026-03-09,네이버쇼핑,오리온,O043,오리온과자043,1188,1334.1,1480
2026-03-09,네이버쇼핑,오리온,O044,오리온과자044,1171,1314.9,1459
2026-03-09,네이버쇼핑,오리온,O045,오리온과자045,1216,1359.87,1505
2026-03-09,네이버쇼핑,오리온,O046,오리온과자046,1213,1356.9,1502
2026-03-09,네이버쇼핑,오리온,O047,오리온과자047,1234,1378.2,1524
2026-03-09,네이버쇼핑,오리온,O048,오리온과자048,1196,1339.97,1484
2026-03-09,네이버쇼핑,오리온,O049,오리온과자049,846,992.0,1137
2026-03-10,네이버쇼핑,빙그레,B000,빙그레과자000,868,1013.83,1158
2026-03-10,네이버쇼핑,빙그레,B001,빙그레과자001,881,1026.03,1171
2026-03-10,네이버쇼핑,빙그레,B002,빙그레과자002,854,997.93,1144
2026-03-10,네이버쇼핑,빙그레,B003,빙그레과자003,875,1019.17,1165
2026-03-10,네이버쇼핑,빙그레,B004,빙그레과자004,873,1018.03,1163
2026-03-10,네이버쇼핑,빙그레,B005,빙그레과자005,914,1059.97,1206
2026-03-10,네이버쇼핑,빙그레,B006,빙그레과자006,932,1075.77,1220
2026-03-10,네이버쇼핑,빙그레,B007,빙그레과자007,936,1079.83,1224
2026-03-10,네이버쇼핑,빙그레,B008,빙그레과자008,962,1106.03,1251
2026-03-10,네이버쇼핑,빙그레,B009,빙그레과자009,937,1082.83,1228
2026-03-10,네이버쇼핑,빙그레,B010,빙그레과자010,925,1069.77,1215
2026-03-10,네이버쇼핑,빙그레,B011,빙그레과자011,910,1055.73,1200
2026-03-10,네이버쇼핑,빙그레,B012,빙그레과자012,980,1125.0,1269
2026-03-10,네이버쇼핑,빙그레,B013,빙그레과자013,983,1126.9,1271
2026-03-10,네이버쇼핑,빙그레,B014,빙그레과자014,978,1122.0,1266
2026-03-10,네이버쇼핑,빙그레,B015,빙그레과자015,954,1099.93,1246
2026-03-10,네이버쇼핑,빙그레,B016,빙그레과자016,948,1093.77,1239
2026-03-10,네이버쇼핑,빙그레,B017,빙그레과자017,996,1141.0,1287
2026-03-10,네이버쇼핑,빙그레,B018,빙그레과자018,998,1143.1,1287
2026-03-10,네이버쇼핑,빙그레,B019,빙그레과자019,986,1129.87,1274
2026-03-10,네이버쇼핑,빙그레,B020,빙그레과자020,1024,1169.7,1314
2026-03-10,네이버쇼핑,빙그레,B021,빙그레과자021,1051,1195.87,1341
2026-03-10,네이버쇼핑,빙그레,B022,빙그레과자022,1031,1175.97,1320
2026-03-10,네이버쇼핑,빙그레,B023,빙그레과자023,1011,1156.8,1302
2026-03-10,네이버쇼핑,빙그레,B024,빙그레과자024,1036,1180.0,1325
2026-03-10,네이버쇼핑,빙그레,B025,빙그레과자025,1025,1171.17,1316
2026-03-10,네이버쇼핑,빙그레,B026,빙그레과자026,1026,1170.23,1315
2026-03-10,네이버쇼핑,빙그레,B027,빙그레과자027,1040,1184.1,1328
2026-03-10,네이버쇼핑,빙그레,B028,빙그레과자028,1062,1206.1,1350
2026-03-10,네이버쇼핑,빙그레,B029,빙그레과자029,1037,1183.23,1328
2026-03-10,네이버쇼핑,빙그레,B030,빙그레과자030,1061,1207.07,1352
2026-03-10,네이버쇼핑,빙그레,B031,빙그레과자031,1074,1219.07,1364
2026-03-10,네이버쇼핑,빙그레,B032,빙그레과자032,1080,1224.13,1368
2026-03-10,네이버쇼핑,빙그레,B033,빙그레과자033,1131,1275.1,1420
2026-03-10,네이버쇼핑,빙그레,B034,빙그레과자034,1119,1264.03,1410
2026-03-10,네이버쇼핑,빙그레,B035,빙그레과자035,1147,1292.03,1437
2026-03-10,네이버쇼핑,빙그레,B036,빙그레과자036,1115,1258.77,1405
2026-03-10,네이버쇼핑,빙그레,B037,빙그레과자037,1154,1299.13,1443
2026-03-10,네이버쇼핑,빙그레,B038,빙그레과자038,1136,1280.23,1426
2026-03-10,네이버쇼핑,빙그레,B039,빙그레과자039,1181,1324.97,1469
2026-03-10,네이버쇼핑,빙그레,B040,빙그레과자040,1136,1281.07,1425
2026-03-10,네이버쇼핑,빙그레,B041,빙그레과자041,1135,1279.93,1426
2026-03-10,네이버쇼핑,빙그레,B042,빙그레과자042,1169,1312.77,1457
2026-03-10,네이버쇼핑,빙그레,B043,빙그레과자043,1183,1328.97,1475
2026-03-10,네이버쇼핑,빙그레,B044,빙그레과자044,1197,1341.13,1486
2026-03-10,네이버쇼핑,빙그레,B045,빙그레과자045,1221,1366.93,1513
2026-03-10,네이버쇼핑,빙그레,B046,빙그레과자046,1199,1344.0,1489
2026-03-10,네이버쇼핑,빙그레,B047,빙그레과자047,1187,1331.1,1477
2026-03-10,네이버쇼핑,빙그레,B048,빙그레과자048,1203,1347.2,1491
2026-03-10,네이버쇼핑,빙그레,B049,빙그레과자049,837,983.2,1129
2026-03-10,네이버쇼핑,해태제과,H000,해태과자000,875,1019.9,1165
2026-03-10,네이버쇼핑,해태제과,H001,해태과자001,908,1054.17,1199
2026-03-10,네이버쇼핑,해태제과,H002,해태과자002,891,1035.0,1180
2026-03-10,네이버쇼핑,해태제과,H003,해태과자003,870,1015.9,1162
2026-03-10,네이버쇼핑,해태제과,H004,해태과자004,893,1039.07,1183
2026-03-10,네이버쇼핑,해태제과,H005,해태과자005,885,1029.93,1174
2026-03-10,네이버쇼핑,해태제과,H006,해태과자006,883,1027.8,1173
2026-03-10,네이버쇼핑,해태제과,H007,해태과자007,889,1034.2,1178
2026-03-10,네이버쇼핑,해태제과,H008,해태과자008,919,1064.17,1210
2026-03-10,네이버쇼핑,해태제과,H009,해태과자009,898,1041.8,1186
2026-03-10,네이버쇼핑,해태제과,H010,해태과자010,920,1065.77,1211
2026-03-10,네이버쇼핑,해태제과,H011,해태과자011,934,1077.97,1223
2026-03-10,네이버쇼핑,해태제과,H012,해태과자012,938,1082.87,1229
2026-03-10,네이버쇼핑,해태제과,H013,해태과자013,987,1132.97,1278
2026-03-10,네이버쇼핑,해태제과,H014,해태과자014,970,1114.07,1258
2026-03-10,네이버쇼핑,해태제과,H015,해태과자015,1005,1150.07,1294
2026-03-10,네이버쇼핑,해태제과,H016,해태과자016,973,1118.0,1262
2026-03-10,네이버쇼핑,해태제과,H017,해태과자017,1014,1158.0,1302
2026-03-10,네이버쇼핑,해태제과,H018,해태과자018,993,1139.23,1285
2026-03-10,네이버쇼핑,해태제과,H019,해태과자019,1038,1183.87,1330
2026-03-10,네이버쇼핑,해태제과,H020,해태과자020,993,1139.17,1285
2026-03-10,네이버쇼핑,해태제과,H021,해태과자021,985,1130.0,1276
2026-03-10,네이버쇼핑,해태제과,H022,해태과자022,1025,1170.93,1317
2026-03-10,네이버쇼핑,해태제과,H023,해태과자023,1044,1188.0,1332
2026-03-10,네이버쇼핑,해태제과,H024,해태과자024,1055,1200.0,1344
2026-03-10,네이버쇼핑,해태제과,H025,해태과자025,1080,1225.9,1371
2026-03-10,네이버쇼핑,해태제과,H026,해태과자026,1059,1202.9,1347
2026-03-10,네이버쇼핑,해태제과,H027,해태과자027,1043,1188.97,1335
2026-03-10,네이버쇼핑,해태제과,H028,해태과자028,1051,1196.8,1342
2026-03-10,네이버쇼핑,해태제과,H029,해태과자029,1047,1191.07,1335
2026-03-10,네이버쇼핑,해태제과,H030,해태과자030,1094,1239.13,1384
2026-03-10,네이버쇼핑,해태제과,H031,해태과자031,1096,1241.73,1386
2026-03-10,네이버쇼핑,해태제과,H032,해태과자032,1075,1220.03,1365
2026-03-10,네이버쇼핑,해태제과,H033,해태과자033,1068,1214.0,1358
2026-03-10,네이버쇼핑,해태제과,H034,해태과자034,1116,1261.13,1405
2026-03-10,네이버쇼핑,해태제과,H035,해태과자035,1109,1255.0,1399
2026-03-10,네이버쇼핑,해태제과,H036,해태과자036,1095,1241.13,1387
2026-03-10,네이버쇼핑,해태제과,H037,해태과자037,1122,1267.0,1413
2026-03-10,네이버쇼핑,해태제과,H038,해태과자038,1100,1244.9,1390
2026-03-10,네이버쇼핑,해태제과,H039,해태과자039,1126,1270.9,1415
2026-03-10,네이버쇼핑,해태제과,H040,해태과자040,1132,1277.07,1423
2026-03-10,네이버쇼핑,해태제과,H041,해태과자041,1155,1300.23,1446
2026-03-10,네이버쇼핑,해태제과,H042,해태과자042,1138,1282.9,1429
2026-03-10,네이버쇼핑,해태제과,H043,해태과자043,1137,1281.07,1425
2026-03-10,네이버쇼핑,해태제과,H044,해태과자044,1150,1295.83,1442
2026-03-10,네이버쇼핑,해태제과,H045,해태과자045,1181,1325.83,1470
2026-03-10,네이버쇼핑,해태제과,H046,해태과자046,1159,1302.97,1448
2026-03-10,네이버쇼핑,해태제과,H047,해태과자047,1174,1319.13,1465
2026-03-10,네이버쇼핑,해태제과,H048,해태과자048,1191,1334.73,1479
2026-03-10,네이버쇼핑,해태제과,H049,해태과자049,833,978.07,1122
2026-03-10,네이버쇼핑,롯데,L000,롯데과자000,906,1050.07,1196
2026-03-10,네이버쇼핑,롯데,L001,롯데과자001,885,1029.73,1174
2026-03-10,네이버쇼핑,롯데,L002,롯데과자002,866,1011.1,1156
2026-03-10,네이버쇼핑,롯데,L003,롯데과자003,888,1033.9,1180
2026-03-10,네이버쇼핑,롯데,L004,롯데과자004,881,1026.03,1171
2026-03-10,네이버쇼핑,롯데,L005,롯데과자005,878,1023.87,1169
2026-03-10,네이버쇼핑,롯데,L006,롯데과자006,893,1038.2,1182
2026-03-10,네이버쇼핑,롯데,L007,롯데과자007,915,1059.87,1206
2026-03-10,네이버쇼핑,롯데,L008,롯데과자008,891,1037.2,1182
2026-03-10,네이버쇼핑,롯데,L009,롯데과자009,907,1052.97,1199
2026-03-10,네이버쇼핑,롯데,L010,롯데과자010,929,1073.17,1218
2026-03-10,네이버쇼핑,롯데,L011,롯데과자011,935,1079.07,1224
2026-03-10,네이버쇼핑,롯데,L012,롯데과자012,985,1128.93,1273
2026-03-10,네이버쇼핑,롯데,L013,롯데과자013,973,1117.9,1263
2026-03-10,네이버쇼핑,롯데,L014,롯데과자014,1002,1145.87,1290
2026-03-10,네이버쇼핑,롯데,L015,롯데과자015,969,1112.83,1258
2026-03-10,네이버쇼핑,롯데,L016,롯데과자016,1007,1152.83,1298
2026-03-10,네이버쇼핑,롯데,L017,롯데과자017,989,1134.03,1280
2026-03-10,네이버쇼핑,롯데,L018,롯데과자018,1035,1180.03,1325
2026-03-10,네이버쇼핑,롯데,L019,롯데과자019,1031,1177.13,1321
2026-03-10,네이버쇼핑,롯데,L020,롯데과자020,989,1133.8,1280
2026-03-10,네이버쇼핑,롯데,L021,롯데과자021,1023,1166.8,1312
2026-03-10,네이버쇼핑,롯데,L022,롯데과자022,1038,1183.07,1327
2026-03-10,네이버쇼핑,롯데,L023,롯데과자023,1050,1194.77,1340
2026-03-10,네이버쇼핑,롯데,L024,롯데과자024,1077,1220.97,1367
2026-03-10,네이버쇼핑,롯데,L025,롯데과자025,1053,1199.0,1343
2026-03-10,네이버쇼핑,롯데,L026,롯데과자026,1039,1185.17,1330
2026-03-10,네이버쇼핑,롯데,L027,롯데과자027,1055,1200.93,1347
2026-03-10,네이버쇼핑,롯데,L028,롯데과자028,1041,1187.03,1331
2026-03-10,네이버쇼핑,롯데,L029,롯데과자029,1075,1218.9,1364
2026-03-10,네이버쇼핑,롯데,L030,롯데과자030,1091,1236.9,1382
2026-03-10,네이버쇼핑,롯데,L031,롯데과자031,1069,1214.9,1360
2026-03-10,네이버쇼핑,롯데,L032,롯데과자032,1065,1210.0,1355
2026-03-10,네이버쇼핑,롯데,L033,롯데과자033,1112,1257.03,1403
2026-03-10,네이버쇼핑,롯데,L034,롯데과자034,1114,1258.9,1405
2026-03-10,네이버쇼핑,롯데,L035,롯데과자035,1091,1237.03,1381
2026-03-10,네이버쇼핑,롯데,L036,롯데과자036,1116,1261.87,1406
2026-03-10,네이버쇼핑,롯데,L037,롯데과자037,1095,1240.03,1385
2026-03-10,네이버쇼핑,롯데,L038,롯데과자038,1122,1266.03,1412
2026-03-10,네이버쇼핑,롯데,L039,롯데과자039,1149,1294.07,1440
2026-03-10,네이버쇼핑,롯데,L040,롯데과자040,1150,1296.03,1441
2026-03-10,네이버쇼핑,롯데,L041,롯데과자041,1141,1287.13,1433
2026-03-10,네이버쇼핑,롯데,L042,롯데과자042,1133,1277.0,1422
2026-03-10,네이버쇼핑,롯데,L043,롯데과자043,1145,1290.8,1436
2026-03-10,네이버쇼핑,롯데,L044,롯데과자044,1177,1321.13,1467
2026-03-10,네이버쇼핑,롯데,L045,롯데과자045,1154,1298.1,1444
2026-03-10,네이버쇼핑,롯데,L046,롯데과자046,1171,1315.0,1459
2026-03-10,네이버쇼핑,롯데,L047,롯데과자047,1186,1331.03,1476
2026-03-10,네이버쇼핑,롯데,L048,롯데과자048,1188,1331.97,1478
2026-03-10,네이버쇼핑,롯데,L049,롯데과자049,834,977.87,1123
2026-03-10,네이버쇼핑,농심,N000,농심과자000,848,993.1,1139
2026-03-10,네이버쇼핑,농심,N001,농심과자001,848,993.2,1139
2026-03-10,네이버쇼핑,농심,N002,농심과자002,888,1033.97,1180
2026-03-10,네이버쇼핑,농심,N003,농심과자003,906,1049.83,1196
2026-03-10,네이버쇼핑,농심,N004,농심과자004,918,1061.93,1207
2026-03-10,네이버쇼핑,농심,N005,농심과자005,942,1088.07,1234
2026-03-10,네이버쇼핑,농심,N006,농심과자006,920,1066.27,1210
2026-03-10,네이버쇼핑,농심,N007,농심과자007,899,1043.0,1187
2026-03-10,네이버쇼핑,농심,N008,농심과자008,916,1060.27,1205
2026-03-10,네이버쇼핑,농심,N009,농심과자009,909,1054.13,1198
2026-03-10,네이버쇼핑,농심,N010,농심과자010,955,1101.07,1246
2026-03-10,네이버쇼핑,농심,N011,농심과자011,959,1104.03,1248
2026-03-10,네이버쇼핑,농심,N012,농심과자012,937,1082.03,1226
2026-03-10,네이버쇼핑,농심,N013,농심과자013,931,1077.0,1223
2026-03-10,네이버쇼핑,농심,N014,농심과자014,971,1114.93,1261
2026-03-10,네이버쇼핑,농심,N015,농심과자015,972,1117.8,1263
2026-03-10,네이버쇼핑,농심,N016,농심과자016,958,1103.97,1250
2026-03-10,네이버쇼핑,농심,N017,농심과자017,985,1129.43,1274
2026-03-10,네이버쇼핑,농심,N018,농심과자018,963,1107.07,1253
2026-03-10,네이버쇼핑,농심,N019,농심과자019,989,1132.97,1279
2026-03-10,네이버쇼핑,농심,N020,농심과자020,994,1139.67,1285
2026-03-10,네이버쇼핑,농심,N021,농심과자021,1009,1154.03,1300
2026-03-10,네이버쇼핑,농심,N022,농심과자022,1002,1146.0,1291
2026-03-10,네이버쇼핑,농심,N023,농심과자023,1000,1144.1,1290
2026-03-10,네이버쇼핑,농심,N024,농심과자024,1012,1157.97,1303
2026-03-10,네이버쇼핑,농심,N025,농심과자025,1043,1187.77,1333
2026-03-10,네이버쇼핑,농심,N026,농심과자026,1020,1165.03,1311
2026-03-10,네이버쇼핑,농심,N027,농심과자027,1037,1181.57,1326
2026-03-10,네이버쇼핑,농심,N028,농심과자028,1043,1188.97,1334
2026-03-10,네이버쇼핑,농심,N029,농심과자029,1047,1191.27,1337
2026-03-10,네이버쇼핑,농심,N030,농심과자030,1105,1249.1,1395
2026-03-10,네이버쇼핑,농심,N031,농심과자031,1094,1238.03,1383
2026-03-10,네이버쇼핑,농심,N032,농심과자032,1128,1273.83,1420
2026-03-10,네이버쇼핑,농심,N033,농심과자033,1095,1241.03,1387
2026-03-10,네이버쇼핑,농심,N034,농심과자034,1138,1281.97,1427
2026-03-10,네이버쇼핑,농심,N035,농심과자035,1108,1254.07,1400
2026-03-10,네이버쇼핑,농심,N036,농심과자036,1156,1300.0,1444
2026-03-10,네이버쇼핑,농심,N037,농심과자037,1152,1297.0,1443
2026-03-10,네이버쇼핑,농심,N038,농심과자038,1172,1318.0,1462
2026-03-10,네이버쇼핑,농심,N039,농심과자039,1134,1279.03,1424
2026-03-10,네이버쇼핑,농심,N040,농심과자040,1166,1311.1,1455
2026-03-10,네이버쇼핑,농심,N041,농심과자041,1179,1324.23,1470
2026-03-10,네이버쇼핑,농심,N042,농심과자042,1196,1341.1,1485
2026-03-10,네이버쇼핑,농심,N043,농심과자043,1175,1318.93,1465
2026-03-10,네이버쇼핑,농심,N044,농심과자044,1159,1305.1,1451
2026-03-10,네이버쇼핑,농심,N045,농심과자045,1176,1321.13,1465
2026-03-10,네이버쇼핑,농심,N046,농심과자046,1171,1315.07,1459
2026-03-10,네이버쇼핑,농심,N047,농심과자047,1201,1347.23,1493
2026-03-10,네이버쇼핑,농심,N048,농심과자048,1176,1320.0,1466
2026-03-10,네이버쇼핑,농심,N049,농심과자049,819,964.83,1110
2026-03-10,네이버쇼핑,오리온,O000,오리온과자000,851,995.07,1139
2026-03-10,네이버쇼핑,오리온,O001,오리온과자001,854,1000.13,1146
2026-03-10,네이버쇼핑,오리온,O002,오리온과자002,904,1050.07,1194
2026-03-10,네이버쇼핑,오리온,O003,오리온과자003,894,1040.03,1186
2026-03-10,네이버쇼핑,오리온,O004,오리온과자004,931,1075.9,1221
2026-03-10,네이버쇼핑,오리온,O005,오리온과자005,899,1042.8,1188
2026-03-10,네이버쇼핑,오리온,O006,오리온과자006,938,1082.97,1227
2026-03-10,네이버쇼핑,오리온,O007,오리온과자007,911,1056.1,1202
2026-03-10,네이버쇼핑,오리온,O008,오리온과자008,957,1101.03,1246
2026-03-10,네이버쇼핑,오리온,O009,오리온과자009,954,1098.1,1242
2026-03-10,네이버쇼핑,오리온,O010,오리온과자010,912,1056.1,1201
2026-03-10,네이버쇼핑,오리온,O011,오리온과자011,953,1097.0,1243
2026-03-10,네이버쇼핑,오리온,O012,오리온과자012,968,1112.97,1259
2026-03-10,네이버쇼핑,오리온,O013,오리온과자013,981,1125.27,1270
2026-03-10,네이버쇼핑,오리온,O014,오리온과자014,998,1142.97,1287
2026-03-10,네이버쇼핑,오리온,O015,오리온과자015,975,1119.87,1264
2026-03-10,네이버쇼핑,오리온,O016,오리온과자016,961,1106.1,1252
2026-03-10,네이버쇼핑,오리온,O017,오리온과자017,978,1123.07,1268
2026-03-10,네이버쇼핑,오리온,O018,오리온과자018,972,1116.77,1262
2026-03-10,네이버쇼핑,오리온,O019,오리온과자019,1004,1149.23,1295
2026-03-10,네이버쇼핑,오리온,O020,오리온과자020,1022,1167.0,1312
2026-03-10,네이버쇼핑,오리온,O021,오리온과자021,993,1137.13,1282
2026-03-10,네이버쇼핑,오리온,O022,오리온과자022,987,1131.1,1276
2026-03-10,네이버쇼핑,오리온,O023,오리온과자023,1033,1177.93,1324
2026-03-10,네이버쇼핑,오리온,O024,오리온과자024,1037,1181.03,1327
2026-03-10,네이버쇼핑,오리온,O025,오리온과자025,1021,1166.9,1313
2026-03-10,네이버쇼핑,오리온,O026,오리온과자026,1047,1191.77,1336
2026-03-10,네이버쇼핑,오리온,O027,오리온과자027,1026,1170.07,1316
2026-03-10,네이버쇼핑,오리온,O028,오리온과자028,1044,1188.0,1334
2026-03-10,네이버쇼핑,오리온,O029,오리온과자029,1071,1214.8,1359
2026-03-10,네이버쇼핑,오리온,O030,오리온과자030,1071,1217.03,1361
2026-03-10,네이버쇼핑,오리온,O031,오리온과자031,1064,1209.2,1355
2026-03-10,네이버쇼핑,오리온,O032,오리온과자032,1062,1206.67,1352
2026-03-10,네이버쇼핑,오리온,O033,오리온과자033,1075,1221.07,1367
2026-03-10,네이버쇼핑,오리온,O034,오리온과자034,1105,1250.8,1396
2026-03-10,네이버쇼핑,오리온,O035,오리온과자035,1075,1220.1,1364
2026-03-10,네이버쇼핑,오리온,O036,오리온과자036,1091,1236.27,1381
2026-03-10,네이버쇼핑,오리온,O037,오리온과자037,1107,1251.93,1396
2026-03-10,네이버쇼핑,오리온,O038,오리온과자038,1108,1253.83,1398
2026-03-10,네이버쇼핑,오리온,O039,오리온과자039,1114,1257.87,1404
2026-03-10,네이버쇼핑,오리온,O040,오리온과자040,1155,1301.0,1446
2026-03-10,네이버쇼핑,오리온,O041,오리온과자041,1191,1336.93,1481
2026-03-10,네이버쇼핑,오리온,O042,오리온과자042,1151,1296.03,1442
2026-03-10,네이버쇼핑,오리온,O043,오리온과자043,1191,1336.07,1480
2026-03-10,네이버쇼핑,오리온,O044,오리온과자044,1172,1317.0,1461
2026-03-10,네이버쇼핑,오리온,O045,오리온과자045,1217,1363.1,1507
2026-03-10,네이버쇼핑,오리온,O046,오리온과자046,1215,1359.97,1506
2026-03-10,네이버쇼핑,오리온,O047,오리온과자047,1236,1380.9,1525
2026-03-10,네이버쇼핑,오리온,O048,오리온과자048,1196,1342.2,1486
2026-03-10,네이버쇼핑,오리온,O049,오리온과자049,849,993.97,1139
